CompanyCode,Stkcd,Date,Clpr,Trdvol,Trdsum,Dret,PE,PB,PCF,PS,EPS,ROE
"3","000001",2021-01-04,"18.6000","155421643","2891682312.05","-0.0383","12.48","1.07","-9.38","2.72","1.15","6.243000"
"3","000001",2021-01-05,"18.1700","182135210","3284606913.91","-0.0231","12.19","1.07","-9.38","2.72","1.15","6.243000"
"3","000001",2021-01-06,"19.5600","193494512","3648521909.10","0.0765","13.12","1.07","-9.38","2.72","1.15","6.243000"
"3","000001",2021-01-07,"19.9000","158418530","3111274625.37","0.0174","13.35","1.07","-9.38","2.72","1.15","6.243000"
"3","000001",2021-01-08,"19.8500","119547322","2348316363.18","-0.0025","13.32","1.07","-9.38","2.72","1.15","6.243000"
"3","000001",2021-01-11,"20.3800","179045714","3652546646.82","0.0267","13.67","1.07","-9.38","2.72","1.15","6.243000"
"3","000001",2021-01-12,"21.0000","128816550","2657687440.67","0.0304","14.09","1.07","-9.38","2.72","1.15","6.243000"
"3","000001",2021-01-13,"20.7000","104911973","2161849708.04","-0.0143","13.89","1.07","-9.38","2.72","1.15","6.243000"
"3","000001",2021-01-14,"20.1700","113015562","2306404546.81","-0.0256","13.53","1.07","-9.38","2.72","1.15","6.243000"
"3","000001",2021-01-15,"21.0000","248068898","5311218074.76","0.0412","14.09","1.07","-9.38","2.72","1.15","6.243000"
"3","000001",2021-01-18,"22.7000","215730178","4792909447.95","0.0810","15.23","1.07","-9.38","2.72","1.15","6.243000"
"3","000001",2021-01-19,"22.3400","124208834","2790056611.29","-0.0159","14.99","1.07","-9.38","2.72","1.15","6.243000"
"3","000001",2021-01-20,"22.4700","128079316","2889249850.45","0.0058","15.07","1.07","-9.38","2.72","1.15","6.243000"
"3","000001",2021-01-21,"22.2300","94477860","2114252731.64","-0.0107","14.91","1.07","-9.38","2.72","1.15","6.243000"
"3","000001",2021-01-22,"22.0300","92443442","2025834761.54","-0.0090","14.78","1.07","-9.38","2.72","1.15","6.243000"
"3","000001",2021-01-25,"22.4900","102836527","2269032820.67","0.0209","15.09","1.07","-9.38","2.72","1.15","6.243000"
"3","000001",2021-01-26,"22.3700","112672055","2558575511.97","-0.0053","15.01","1.07","-9.38","2.72","1.15","6.243000"
"3","000001",2021-01-27,"23.0800","129415272","2976800955.73","0.0317","15.48","1.07","-9.38","2.72","1.15","6.243000"
"3","000001",2021-01-28,"22.8100","85747696","1948881146.95","-0.0117","15.30","1.07","-9.38","2.72","1.15","6.243000"
"3","000001",2021-01-29,"23.0900","124025841","2864101419.33","0.0123","15.49","1.07","-9.38","2.72","1.15","6.243000"
"3","000001",2021-02-01,"24.5500","147523930","3529556986.77","0.0632","16.47","1.07","-9.38","2.72","1.15","6.243000"
"3","000001",2021-02-02,"23.2800","241616877","5679179941.74","-0.0517","15.62","1.07","-9.38","2.72","1.49","7.944400"
"3","000001",2021-02-03,"24.9500","192327159","4690176486.28","0.0717","16.74","1.07","-9.38","2.72","1.49","7.944400"
"3","000001",2021-02-04,"24.6000","125524750","3084553750.95","-0.0140","16.50","1.07","-9.38","2.72","1.49","7.944400"
"3","000001",2021-02-05,"24.9300","101557559","2517804159.63","0.0134","16.72","1.07","-9.38","2.72","1.49","7.944400"
"3","000001",2021-02-08,"24.8000","108426467","2650948251.38","-0.0052","16.64","1.07","-9.38","2.72","1.49","7.944400"
"3","000001",2021-02-09,"24.5800","94209355","2302978158.40","-0.0089","16.49","1.07","-9.38","2.72","1.49","7.944400"
"3","000001",2021-02-10,"23.8200","191886710","4569741959.90","-0.0309","15.98","1.07","-9.38","2.72","1.49","7.944400"
"3","000001",2021-02-18,"24.3000","150523081","3619387651.71","0.0202","16.30","1.07","-9.38","2.72","1.49","7.944400"
"3","000001",2021-02-19,"23.8500","92258314","2197558286.91","-0.0185","16.00","1.07","-9.38","2.72","1.49","7.944400"
"3","000001",2021-02-22,"22.3800","195684248","4445818547.60","-0.0616","15.01","1.07","-9.38","2.72","1.49","7.944400"
"3","000001",2021-02-23,"21.9300","187046013","4160776611.31","-0.0201","14.71","1.07","-9.38","2.72","1.49","7.944400"
"3","000001",2021-02-24,"22.1600","142849985","3144209051.81","0.0105","14.87","1.07","-9.38","2.72","1.49","7.944400"
"3","000001",2021-02-25,"22.0900","159340347","3524600794.46","-0.0032","14.82","1.07","-9.38","2.72","1.49","7.944400"
"3","000001",2021-02-26,"21.3800","112497730","2424653753.46","-0.0321","14.34","1.07","-9.38","2.72","1.49","7.944400"
"3","000001",2021-03-01,"21.4500","112538653","2408050906.40","0.0033","14.39","1.07","-9.38","2.72","1.49","7.944400"
"3","000001",2021-03-02,"21.6500","147342505","3196536981.14","0.0093","14.52","1.07","-9.38","2.72","1.49","7.944400"
"3","000001",2021-03-03,"23.0100","191963527","4320024431.32","0.0628","15.44","1.07","-9.38","2.72","1.49","7.944400"
"3","000001",2021-03-04,"22.9200","121357937","2799747146.41","-0.0039","15.38","1.07","-9.38","2.72","1.49","7.944400"
"3","000001",2021-03-05,"22.3400","88017141","1960439115.04","-0.0253","14.99","1.07","-9.38","2.72","1.49","7.944400"
"3","000001",2021-03-08,"21.6000","99377397","2189190957.56","-0.0331","14.49","1.07","-9.38","2.72","1.49","7.944400"
"3","000001",2021-03-09,"20.8500","136189533","2882931927.56","-0.0347","13.99","1.07","-9.38","2.72","1.49","7.944400"
"3","000001",2021-03-10,"20.4000","114941657","2356185003.94","-0.0216","13.68","1.07","-9.38","2.72","1.49","7.944400"
"3","000001",2021-03-11,"21.2700","104865939","2213107787.13","0.0426","14.27","1.07","-9.38","2.72","1.49","7.944400"
"3","000001",2021-03-12,"21.4800","69720060","1494219075.50","0.0099","14.41","1.07","-9.38","2.72","1.49","7.944400"
"3","000001",2021-03-15,"21.6000","95874870","2077984893.95","0.0056","14.49","1.07","-9.38","2.72","1.49","7.944400"
"3","000001",2021-03-16,"21.6600","93968432","2038470660.53","0.0028","14.53","1.07","-9.38","2.72","1.49","7.944400"
"3","000001",2021-03-17,"21.2000","82148865","1738185857.10","-0.0212","14.22","1.07","-9.38","2.72","1.49","7.944400"
"3","000001",2021-03-18,"21.7300","69161019","1483801548.98","0.0250","14.58","1.07","-9.38","2.72","1.49","7.944400"
"3","000001",2021-03-19,"20.4700","152562227","3159181042.96","-0.0580","13.73","1.07","-9.38","2.72","1.49","7.944400"
"3","000001",2021-03-22,"21.5500","145119008","3087549484.44","0.0528","14.46","1.07","-9.38","2.72","1.49","7.944400"
"3","000001",2021-03-23,"21.2300","68290338","1448043613.41","-0.0148","14.24","1.07","-9.38","2.72","1.49","7.944400"
"3","000001",2021-03-24,"20.5300","85008507","1757688572.48","-0.0330","13.77","1.07","-9.38","2.72","1.49","7.944400"
"3","000001",2021-03-25,"20.7500","49266574","1017166048.68","0.0107","13.92","1.07","-9.38","2.72","1.49","7.944400"
"3","000001",2021-03-26,"21.1400","82210806","1733412579.12","0.0188","14.18","1.07","-9.38","2.72","1.49","7.944400"
"3","000001",2021-03-29,"21.4900","78566668","1684397866.28","0.0166","14.42","1.07","-9.38","2.72","1.49","7.944400"
"3","000001",2021-03-30,"21.9300","73865481","1601238499.06","0.0205","14.71","1.07","-9.38","2.72","1.49","7.944400"
"3","000001",2021-03-31,"22.0100","77702807","1699922183.98","0.0036","14.76","1.19","-10.67","3.10","1.49","7.944400"
"3","000001",2021-04-01,"21.7800","54444898","1183868023.66","-0.0104","13.85","1.19","-10.67","3.10","1.49","7.944400"
"3","000001",2021-04-02,"21.5000","58108352","1249405387.16","-0.0129","13.67","1.19","-10.67","3.10","1.49","7.944400"
"3","000001",2021-04-06,"21.6800","40110282","873387016.62","0.0084","13.79","1.19","-10.67","3.10","1.49","7.944400"
"3","000001",2021-04-07,"21.6400","51760459","1116774452.27","-0.0018","13.76","1.19","-10.67","3.10","1.49","7.944400"
"3","000001",2021-04-08,"21.5600","38302950","825170840.99","-0.0037","13.71","1.19","-10.67","3.10","1.49","7.944400"
"3","000001",2021-04-09,"21.3000","39896028","849870878.04","-0.0121","13.55","1.19","-10.67","3.10","1.49","7.944400"
"3","000001",2021-04-12,"20.7000","59474314","1240067319.93","-0.0282","13.17","1.19","-10.67","3.10","1.49","7.944400"
"3","000001",2021-04-13,"20.7800","49990418","1036992692.52","0.0039","13.22","1.19","-10.67","3.10","1.49","7.944400"
"3","000001",2021-04-14,"20.6700","53743849","1113001541.55","-0.0053","13.15","1.19","-10.67","3.10","1.49","7.944400"
"3","000001",2021-04-15,"20.3600","73586505","1494016040.75","-0.0150","12.95","1.19","-10.67","3.10","1.49","7.944400"
"3","000001",2021-04-16,"20.2600","72999826","1466509057.44","-0.0049","12.89","1.19","-10.67","3.10","1.49","7.944400"
"3","000001",2021-04-19,"21.1500","111228262","2304021478.31","0.0439","13.45","1.19","-10.67","3.10","1.49","7.944400"
"3","000001",2021-04-20,"21.6900","83477272","1798249024.30","0.0255","13.80","1.19","-10.67","3.10","1.49","7.944400"
"3","000001",2021-04-21,"23.0100","159709965","3644577541.25","0.0609","14.63","1.19","-10.67","3.10","0.52","2.719100"
"3","000001",2021-04-22,"22.9800","82969388","1905208911.59","-0.0013","14.62","1.19","-10.67","3.10","0.52","2.719100"
"3","000001",2021-04-23,"23.2900","82323015","1920413502.35","0.0135","14.81","1.19","-10.67","3.10","0.52","2.719100"
"3","000001",2021-04-26,"22.9400","87241767","2037109597.01","-0.0150","14.59","1.19","-10.67","3.10","0.52","2.719100"
"3","000001",2021-04-27,"22.9400","47043140","1083043579.27","0.0000","14.59","1.19","-10.67","3.10","0.52","2.719100"
"3","000001",2021-04-28,"23.3500","59383793","1375141409.72","0.0179","14.85","1.19","-10.67","3.10","0.52","2.719100"
"3","000001",2021-04-29,"23.5900","61483688","1439823965.34","0.0103","15.00","1.19","-10.67","3.10","0.52","2.719100"
"3","000001",2021-04-30,"23.2900","56198132","1308177202.78","-0.0127","14.81","1.19","-10.67","3.10","0.52","2.719100"
"3","000001",2021-05-06,"23.5000","50029522","1174181608.06","0.0090","14.95","1.19","-10.67","3.10","0.52","2.719100"
"3","000001",2021-05-07,"24.0500","80221421","1929112374.46","0.0234","15.30","1.19","-10.67","3.10","0.52","2.719100"
"3","000001",2021-05-10,"23.8600","66143890","1566860764.09","-0.0079","15.18","1.19","-10.67","3.10","0.52","2.719100"
"3","000001",2021-05-11,"23.5300","49722345","1161846399.06","-0.0138","14.97","1.19","-10.67","3.10","0.52","2.719100"
"3","000001",2021-05-12,"23.5500","53326526","1245517716.87","0.0008","14.98","1.19","-10.67","3.10","0.52","2.719100"
"3","000001",2021-05-13,"23.0700","54965250","1271946298.62","-0.0204","14.67","1.19","-10.67","3.10","0.52","2.719100"
"3","000001",2021-05-14,"23.3200","56378536","1300250943.60","0.0186","14.83","1.19","-10.67","3.10","0.52","2.719100"
"3","000001",2021-05-17,"23.6000","52756465","1241605192.34","0.0120","15.01","1.19","-10.67","3.10","0.52","2.719100"
"3","000001",2021-05-18,"23.9000","39541498","939786731.95","0.0127","15.20","1.19","-10.67","3.10","0.52","2.719100"
"3","000001",2021-05-19,"23.6000","42942033","1022553739.18","-0.0126","15.01","1.19","-10.67","3.10","0.52","2.719100"
"3","000001",2021-05-20,"23.8200","40578837","957478853.76","0.0093","15.15","1.19","-10.67","3.10","0.52","2.719100"
"3","000001",2021-05-21,"23.4900","53933574","1263058114.62","-0.0139","14.94","1.19","-10.67","3.10","0.52","2.719100"
"3","000001",2021-05-24,"23.4800","34393563","806092207.23","-0.0004","14.93","1.19","-10.67","3.10","0.52","2.719100"
"3","000001",2021-05-25,"24.6000","97237462","2363145902.70","0.0477","15.65","1.19","-10.67","3.10","0.52","2.719100"
"3","000001",2021-05-26,"25.0100","91926378","2286540248.86","0.0167","15.91","1.19","-10.67","3.10","0.52","2.719100"
"3","000001",2021-05-27,"24.7900","50409136","1246712048.75","-0.0088","15.77","1.19","-10.67","3.10","0.52","2.719100"
"3","000001",2021-05-28,"24.5000","49240073","1200523315.70","-0.0117","15.58","1.19","-10.67","3.10","0.52","2.719100"
"3","000001",2021-05-31,"24.2000","51535081","1244209045.99","-0.0122","15.39","1.19","-10.67","3.10","0.52","2.719100"
"3","000001",2021-06-01,"23.9200","62501796","1490476624.56","-0.0116","15.21","1.19","-10.67","3.10","0.52","2.719100"
"3","000001",2021-06-02,"23.8900","49752702","1176608126.99","-0.0013","15.19","1.19","-10.67","3.10","0.52","2.719100"
"3","000001",2021-06-03,"23.7700","40090085","958876472.45","-0.0050","15.12","1.19","-10.67","3.10","0.52","2.719100"
"3","000001",2021-06-04,"24.5400","75673942","1851425837.61","0.0324","15.61","1.19","-10.67","3.10","0.52","2.719100"
"3","000001",2021-06-07,"24.3000","44791410","1081738832.95","-0.0098","15.46","1.19","-10.67","3.10","0.52","2.719100"
"3","000001",2021-06-08,"24.5300","57007792","1384120301.27","0.0095","15.60","1.19","-10.67","3.10","0.52","2.719100"
"3","000001",2021-06-09,"24.6500","45383150","1116771375.46","0.0049","15.68","1.19","-10.67","3.10","0.52","2.719100"
"3","000001",2021-06-10,"24.2000","53021516","1294972566.65","-0.0183","15.39","1.19","-10.67","3.10","0.52","2.719100"
"3","000001",2021-06-11,"23.3700","83466504","1965393115.50","-0.0343","14.86","1.19","-10.67","3.10","0.52","2.719100"
"3","000001",2021-06-15,"23.2200","66062259","1524503477.67","-0.0064","14.77","1.19","-10.67","3.10","0.52","2.719100"
"3","000001",2021-06-16,"23.2600","37820804","878470834.12","0.0017","14.79","1.19","-10.67","3.10","0.52","2.719100"
"3","000001",2021-06-17,"23.1000","45328209","1059121804.33","-0.0069","14.69","1.19","-10.67","3.10","0.52","2.719100"
"3","000001",2021-06-18,"22.6500","69409930","1574437729.58","-0.0195","14.41","1.19","-10.67","3.10","0.52","2.719100"
"3","000001",2021-06-21,"22.1600","71827274","1600119859.95","-0.0216","14.09","1.19","-10.67","3.10","0.52","2.719100"
"3","000001",2021-06-22,"22.9700","75775141","1720058046.82","0.0366","14.61","1.19","-10.67","3.10","0.52","2.719100"
"3","000001",2021-06-23,"23.1400","44790778","1035835695.88","0.0074","14.72","1.19","-10.67","3.10","0.52","2.719100"
"3","000001",2021-06-24,"23.0800","39028349","894502108.58","-0.0026","14.68","1.19","-10.67","3.10","0.52","2.719100"
"3","000001",2021-06-25,"23.3600","55997295","1310287389.90","0.0121","14.86","1.19","-10.67","3.10","0.52","2.719100"
"3","000001",2021-06-28,"22.7800","62625737","1425702202.01","-0.0248","14.49","1.19","-10.67","3.10","0.52","2.719100"
"3","000001",2021-06-29,"22.3400","104974939","2341926371.42","-0.0193","14.21","1.19","-10.67","3.10","0.52","2.719100"
"3","000001",2021-06-30,"22.6200","40343546","913285187.10","0.0125","14.39","1.21","-10.97","3.18","0.52","2.719100"
"3","000001",2021-07-01,"23.2000","66483330","1530548798.57","0.0256","13.71","1.21","-10.97","3.18","0.52","2.719100"
"3","000001",2021-07-02,"21.8100","107067756","2360189793.98","-0.0599","12.89","1.21","-10.97","3.18","0.52","2.719100"
"3","000001",2021-07-05,"22.0600","85934129","1859394323.75","0.0115","13.04","1.21","-10.97","3.18","0.52","2.719100"
"3","000001",2021-07-06,"22.7800","79195726","1784792785.57","0.0326","13.46","1.21","-10.97","3.18","0.52","2.719100"
"3","000001",2021-07-07,"22.5500","46894487","1063910095.83","-0.0101","13.33","1.21","-10.97","3.18","0.52","2.719100"
"3","000001",2021-07-08,"21.5100","145705947","3140657439.76","-0.0461","12.71","1.21","-10.97","3.18","0.52","2.719100"
"3","000001",2021-07-09,"21.2700","76236474","1625461607.71","-0.0112","12.57","1.21","-10.97","3.18","0.52","2.719100"
"3","000001",2021-07-12,"21.1600","87790102","1859059510.48","-0.0052","12.51","1.21","-10.97","3.18","0.52","2.719100"
"3","000001",2021-07-13,"21.1200","65761395","1382029130.11","-0.0019","12.48","1.21","-10.97","3.18","0.52","2.719100"
"3","000001",2021-07-14,"20.7600","84795055","1755810875.16","-0.0170","12.27","1.21","-10.97","3.18","0.52","2.719100"
"3","000001",2021-07-15,"21.6200","95600305","2040266258.59","0.0414","12.78","1.21","-10.97","3.18","0.52","2.719100"
"3","000001",2021-07-16,"21.3400","57300261","1230180813.02","-0.0130","12.61","1.21","-10.97","3.18","0.52","2.719100"
"3","000001",2021-07-19,"21.2100","52213595","1098434741.86","-0.0061","12.54","1.21","-10.97","3.18","0.52","2.719100"
"3","000001",2021-07-20,"20.6000","80403433","1665315545.53","-0.0288","12.17","1.21","-10.97","3.18","0.52","2.719100"
"3","000001",2021-07-21,"20.4500","75307652","1535327561.83","-0.0073","12.09","1.21","-10.97","3.18","0.52","2.719100"
"3","000001",2021-07-22,"20.3800","86864809","1773999331.02","-0.0034","12.04","1.21","-10.97","3.18","0.52","2.719100"
"3","000001",2021-07-23,"20.1000","72740433","1461467511.79","-0.0137","11.88","1.21","-10.97","3.18","0.52","2.719100"
"3","000001",2021-07-26,"18.8000","145130394","2770236696.29","-0.0647","11.11","1.21","-10.97","3.18","0.52","2.719100"
"3","000001",2021-07-27,"17.7600","135755148","2461708369.84","-0.0553","10.50","1.21","-10.97","3.18","0.52","2.719100"
"3","000001",2021-07-28,"17.7500","106299421","1898562591.76","-0.0006","10.49","1.21","-10.97","3.18","0.52","2.719100"
"3","000001",2021-07-29,"17.9600","87237812","1566107824.40","0.0118","10.61","1.21","-10.97","3.18","0.52","2.719100"
"3","000001",2021-07-30,"17.6900","95015588","1679747318.28","-0.0150","10.46","1.21","-10.97","3.18","0.52","2.719100"
"3","000001",2021-08-02,"18.0100","115992263","2056014242.91","0.0181","10.64","1.21","-10.97","3.18","0.52","2.719100"
"3","000001",2021-08-03,"17.8900","89694857","1609422575.43","-0.0067","10.57","1.21","-10.97","3.18","0.52","2.719100"
"3","000001",2021-08-04,"17.8100","72962008","1300164293.35","-0.0045","10.53","1.21","-10.97","3.18","0.52","2.719100"
"3","000001",2021-08-05,"17.6800","62157388","1104903004.70","-0.0073","10.45","1.21","-10.97","3.18","0.52","2.719100"
"3","000001",2021-08-06,"17.8600","56745413","1005870948.80","0.0102","10.56","1.21","-10.97","3.18","0.52","2.719100"
"3","000001",2021-08-09,"19.0600","175279800","3313803230.96","0.0672","11.26","1.21","-10.97","3.18","0.52","2.719100"
"3","000001",2021-08-10,"19.7300","130198844","2535427989.31","0.0352","11.66","1.21","-10.97","3.18","0.52","2.719100"
"3","000001",2021-08-11,"19.8100","104830844","2104975144.53","0.0041","11.71","1.21","-10.97","3.18","0.52","2.719100"
"3","000001",2021-08-12,"19.8900","66645800","1330388046.16","0.0040","11.76","1.21","-10.97","3.18","0.52","2.719100"
"3","000001",2021-08-13,"19.8900","56288502","1110191399.00","0.0000","11.76","1.21","-10.97","3.18","0.52","2.719100"
"3","000001",2021-08-16,"19.9500","62705022","1247681171.00","0.0030","11.79","1.21","-10.97","3.18","0.52","2.719100"
"3","000001",2021-08-17,"19.6700","47602194","947385521.39","-0.0140","11.63","1.21","-10.97","3.18","0.52","2.719100"
"3","000001",2021-08-18,"20.6200","133273216","2732213549.09","0.0483","12.19","1.21","-10.97","3.18","0.52","2.719100"
"3","000001",2021-08-19,"20.3400","64997561","1315320351.84","-0.0136","12.02","1.21","-10.97","3.18","0.52","2.719100"
"3","000001",2021-08-20,"19.4200","161462793","3119152554.93","-0.0452","11.48","1.21","-10.97","3.18","0.91","4.661500"
"3","000001",2021-08-23,"19.3000","119184935","2315871646.13","-0.0062","11.41","1.21","-10.97","3.18","0.91","4.661500"
"3","000001",2021-08-24,"19.3600","86895330","1690760837.07","0.0031","11.44","1.21","-10.97","3.18","0.91","4.661500"
"3","000001",2021-08-25,"19.1600","69808397","1341330418.51","-0.0103","11.32","1.21","-10.97","3.18","0.91","4.661500"
"3","000001",2021-08-26,"18.4600","95161900","1783725035.26","-0.0365","10.91","1.21","-10.97","3.18","0.91","4.661500"
"3","000001",2021-08-27,"18.3900","72882023","1354408976.91","-0.0038","10.87","1.21","-10.97","3.18","0.91","4.661500"
"3","000001",2021-08-30,"17.7200","125221101","2221855858.70","-0.0364","10.47","1.21","-10.97","3.18","0.91","4.661500"
"3","000001",2021-08-31,"17.8000","117486786","2072006842.05","0.0045","10.52","1.21","-10.97","3.18","0.91","4.661500"
"3","000001",2021-09-01,"17.8800","231689409","4046284162.52","0.0045","10.57","1.21","-10.97","3.18","0.91","4.661500"
"3","000001",2021-09-02,"18.4000","242260354","4454545280.06","0.0291","10.87","1.21","-10.97","3.18","0.91","4.661500"
"3","000001",2021-09-03,"18.0400","139481871","2523273155.42","-0.0196","10.66","1.21","-10.97","3.18","0.91","4.661500"
"3","000001",2021-09-06,"18.4500","151522556","2780281080.51","0.0227","10.90","1.21","-10.97","3.18","0.91","4.661500"
"3","000001",2021-09-07,"19.2400","162234416","3067365668.72","0.0428","11.37","1.21","-10.97","3.18","0.91","4.661500"
"3","000001",2021-09-08,"19.2300","102620105","1979771479.65","-0.0005","11.37","1.21","-10.97","3.18","0.91","4.661500"
"3","000001",2021-09-09,"19.0000","73950585","1399536020.50","-0.0120","11.23","1.21","-10.97","3.18","0.91","4.661500"
"3","000001",2021-09-10,"20.5700","231494528","4668361827.72","0.0826","12.16","1.21","-10.97","3.18","0.91","4.661500"
"3","000001",2021-09-13,"20.2100","129722802","2606152378.88","-0.0175","11.94","1.21","-10.97","3.18","0.91","4.661500"
"3","000001",2021-09-14,"19.3700","115817315","2272080156.85","-0.0416","11.45","1.21","-10.97","3.18","0.91","4.661500"
"3","000001",2021-09-15,"19.5200","84161841","1639298361.44","0.0077","11.54","1.21","-10.97","3.18","0.91","4.661500"
"3","000001",2021-09-16,"19.0800","117695356","2234474948.16","-0.0225","11.28","1.21","-10.97","3.18","0.91","4.661500"
"3","000001",2021-09-17,"18.5300","112487963","2098715196.60","-0.0288","10.95","1.21","-10.97","3.18","0.91","4.661500"
"3","000001",2021-09-22,"17.9800","147336521","2616707242.58","-0.0297","10.63","1.21","-10.97","3.18","0.91","4.661500"
"3","000001",2021-09-23,"17.6800","137983759","2465683704.68","-0.0167","10.45","1.21","-10.97","3.18","0.91","4.661500"
"3","000001",2021-09-24,"17.3500","126569628","2209461934.41","-0.0187","10.25","1.21","-10.97","3.18","0.91","4.661500"
"3","000001",2021-09-27,"17.5700","114066759","1979196739.27","0.0127","10.38","1.21","-10.97","3.18","0.91","4.661500"
"3","000001",2021-09-28,"17.9700","129316747","2311265535.64","0.0228","10.62","1.21","-10.97","3.18","0.91","4.661500"
"3","000001",2021-09-29,"18.1500","123012175","2225416488.14","0.0100","10.73","1.21","-10.97","3.18","0.91","4.661500"
"3","000001",2021-09-30,"17.9300","79561105","1424675916.86","-0.0121","10.60","0.93","-21.53","2.27","0.91","4.661500"
"3","000001",2021-10-08,"18.6400","115920062","2146983881.54","0.0396","11.39","0.93","-21.53","2.27","0.91","4.661500"
"3","000001",2021-10-11,"19.4000","145533835","2829310843.75","0.0408","11.85","0.93","-21.53","2.27","0.91","4.661500"
"3","000001",2021-10-12,"19.3500","103123218","2004823967.61","-0.0026","11.82","0.93","-21.53","2.27","0.91","4.661500"
"3","000001",2021-10-13,"19.5800","80789668","1577612469.53","0.0119","11.96","0.93","-21.53","2.27","0.91","4.661500"
"3","000001",2021-10-14,"19.2100","84298987","1623970431.40","-0.0189","11.74","0.93","-21.53","2.27","0.91","4.661500"
"3","000001",2021-10-15,"19.6600","99349378","1948647236.81","0.0234","12.01","0.93","-21.53","2.27","0.91","4.661500"
"3","000001",2021-10-18,"19.2900","72962250","1408737777.28","-0.0188","11.79","0.93","-21.53","2.27","0.91","4.661500"
"3","000001",2021-10-19,"19.5700","68241515","1330501301.75","0.0145","11.96","0.93","-21.53","2.27","0.91","4.661500"
"3","000001",2021-10-20,"19.2400","66295555","1283356219.49","-0.0169","11.76","0.93","-21.53","2.27","0.91","4.661500"
"3","000001",2021-10-21,"20.0000","162166101","3198266215.28","0.0395","12.22","0.93","-21.53","2.27","0.60","2.970800"
"3","000001",2021-10-22,"20.0400","113496363","2287284921.47","0.0020","12.24","0.93","-21.53","2.27","0.60","2.970800"
"3","000001",2021-10-25,"20.1200","73082823","1458800089.77","0.0040","12.29","0.93","-21.53","2.27","0.60","2.970800"
"3","000001",2021-10-26,"20.0500","65280684","1313475882.79","-0.0035","12.25","0.93","-21.53","2.27","0.60","2.970800"
"3","000001",2021-10-27,"19.9200","68760019","1365982833.66","-0.0065","12.17","0.93","-21.53","2.27","0.60","2.970800"
"3","000001",2021-10-28,"19.7200","61901089","1211946109.14","-0.0100","12.05","0.93","-21.53","2.27","0.60","2.970800"
"3","000001",2021-10-29,"19.5000","53992976","1052760273.17","-0.0112","11.91","0.93","-21.53","2.27","0.60","2.970800"
"3","000001",2021-11-01,"19.3900","84149020","1626762029.80","-0.0056","11.85","0.93","-21.53","2.27","0.60","2.970800"
"3","000001",2021-11-02,"18.1800","199769050","3691356324.29","-0.0624","11.11","0.93","-21.53","2.27","0.60","2.970800"
"3","000001",2021-11-03,"18.0300","111497204","2009325065.93","-0.0083","11.02","0.93","-21.53","2.27","0.60","2.970800"
"3","000001",2021-11-04,"17.8700","98341098","1760671898.39","-0.0089","10.92","0.93","-21.53","2.27","0.60","2.970800"
"3","000001",2021-11-05,"17.6400","109603988","1942415605.07","-0.0129","10.78","0.93","-21.53","2.27","0.60","2.970800"
"3","000001",2021-11-08,"17.4200","137681482","2406417771.91","-0.0125","10.64","0.93","-21.53","2.27","0.60","2.970800"
"3","000001",2021-11-09,"17.5300","124057275","2163193119.31","0.0063","10.71","0.93","-21.53","2.27","0.60","2.970800"
"3","000001",2021-11-10,"17.4000","122085088","2109735147.17","-0.0074","10.63","0.93","-21.53","2.27","0.60","2.970800"
"3","000001",2021-11-11,"18.3500","208472900","3752413858.84","0.0546","11.21","0.93","-21.53","2.27","0.60","2.970800"
"3","000001",2021-11-12,"18.2700","95754646","1753072716.42","-0.0044","11.16","0.93","-21.53","2.27","0.60","2.970800"
"3","000001",2021-11-15,"18.4300","65508999","1203764095.71","0.0088","11.26","0.93","-21.53","2.27","0.60","2.970800"
"3","000001",2021-11-16,"18.2200","60111048","1099113409.38","-0.0114","11.13","0.93","-21.53","2.27","0.60","2.970800"
"3","000001",2021-11-17,"18.1100","66464038","1203859180.01","-0.0060","11.06","0.93","-21.53","2.27","0.60","2.970800"
"3","000001",2021-11-18,"17.8000","79984377","1430058311.95","-0.0171","10.88","0.93","-21.53","2.27","0.60","2.970800"
"3","000001",2021-11-19,"18.1500","78637156","1414506380.37","0.0197","11.09","0.93","-21.53","2.27","0.60","2.970800"
"3","000001",2021-11-22,"18.1200","73861780","1337768172.45","-0.0017","11.07","0.93","-21.53","2.27","0.60","2.970800"
"3","000001",2021-11-23,"17.8800","123597796","2213817590.56","-0.0132","10.92","0.93","-21.53","2.27","0.60","2.970800"
"3","000001",2021-11-24,"17.8700","74131084","1316774397.96","-0.0006","10.92","0.93","-21.53","2.27","0.60","2.970800"
"3","000001",2021-11-25,"17.6800","60353270","1068221304.51","-0.0106","10.80","0.93","-21.53","2.27","0.60","2.970800"
"3","000001",2021-11-26,"17.5800","69449988","1219937312.76","-0.0057","10.74","0.93","-21.53","2.27","0.60","2.970800"
"3","000001",2021-11-29,"17.5100","51259471","895105981.97","-0.0040","10.70","0.93","-21.53","2.27","0.60","2.970800"
"3","000001",2021-11-30,"17.4400","73361606","1280384552.25","-0.0040","10.66","0.93","-21.53","2.27","0.60","2.970800"
"3","000001",2021-12-01,"17.6400","70692519","1243666842.20","0.0115","10.78","0.93","-21.53","2.27","0.60","2.970800"
"3","000001",2021-12-02,"17.5900","99479835","1749164558.42","-0.0028","10.75","0.93","-21.53","2.27","0.60","2.970800"
"3","000001",2021-12-03,"17.6500","70759974","1242375057.32","0.0034","10.78","0.93","-21.53","2.27","0.60","2.970800"
"3","000001",2021-12-06,"18.1000","214562528","3896385171.79","0.0255","11.06","0.93","-21.53","2.27","0.60","2.970800"
"3","000001",2021-12-07,"18.4600","161644387","2979968976.77","0.0199","11.28","0.93","-21.53","2.27","0.60","2.970800"
"3","000001",2021-12-08,"18.4700","98028118","1798691052.86","0.0005","11.28","0.93","-21.53","2.27","0.60","2.970800"
"3","000001",2021-12-09,"18.7000","145588668","2726663443.30","0.0125","11.43","0.93","-21.53","2.27","0.60","2.970800"
"3","000001",2021-12-10,"18.3800","98925513","1824076523.04","-0.0171","11.23","0.93","-21.53","2.27","0.60","2.970800"
"3","000001",2021-12-13,"18.2700","131449027","2427803721.72","-0.0060","11.16","0.93","-21.53","2.27","0.60","2.970800"
"3","000001",2021-12-14,"17.5800","193720890","3434156327.99","-0.0378","10.74","0.93","-21.53","2.27","0.60","2.970800"
"3","000001",2021-12-15,"17.5500","129462741","2269821045.32","-0.0017","10.72","0.93","-21.53","2.27","0.60","2.970800"
"3","000001",2021-12-16,"17.7200","81947951","1445483375.04","0.0097","10.83","0.93","-21.53","2.27","0.60","2.970800"
"3","000001",2021-12-17,"17.5700","60236967","1062875482.98","-0.0085","10.74","0.93","-21.53","2.27","0.60","2.970800"
"3","000001",2021-12-20,"17.5200","74643520","1309029268.81","-0.0028","10.70","0.93","-21.53","2.27","0.60","2.970800"
"3","000001",2021-12-21,"17.5900","89373404","1572895581.50","0.0040","10.75","0.93","-21.53","2.27","0.60","2.970800"
"3","000001",2021-12-22,"17.3900","97692775","1701772583.52","-0.0114","10.63","0.93","-21.53","2.27","0.60","2.970800"
"3","000001",2021-12-23,"17.3200","105957594","1831122716.47","-0.0040","10.58","0.93","-21.53","2.27","0.60","2.970800"
"3","000001",2021-12-24,"17.3100","48825149","843109664.77","-0.0006","10.58","0.93","-21.53","2.27","0.60","2.970800"
"3","000001",2021-12-27,"17.2200","73111899","1260455319.19","-0.0052","10.52","0.93","-21.53","2.27","0.60","2.970800"
"3","000001",2021-12-28,"17.1700","112663891","1934461075.51","-0.0029","10.49","0.93","-21.53","2.27","0.60","2.970800"
"3","000001",2021-12-29,"16.7500","146937398","2480534592.86","-0.0245","10.23","0.93","-21.53","2.27","0.60","2.970800"
"3","000001",2021-12-30,"16.8200","79666360","1342374249.46","0.0042","10.28","0.93","-21.53","2.27","0.60","2.970800"
"3","000001",2021-12-31,"16.4800","175076089","2899617148.55","-0.0202","10.07","0.85","-19.79","2.08","0.60","2.970800"
"3","000001",2022-01-04,"16.6600","116925933","1918887050.94","0.0109","8.90","0.85","-19.79","2.08","0.60","2.970800"
"3","000001",2022-01-05,"17.1500","196199817","3344124589.35","0.0294","9.16","0.85","-19.79","2.08","0.60","2.970800"
"3","000001",2022-01-06,"17.1200","110788519","1896535837.60","-0.0017","9.14","0.85","-19.79","2.08","0.60","2.970800"
"3","000001",2022-01-07,"17.2000","112663070","1937710958.28","0.0047","9.19","0.85","-19.79","2.08","0.60","2.970800"
"3","000001",2022-01-10,"17.1900","90977401","1563414572.47","-0.0006","9.18","0.85","-19.79","2.08","0.60","2.970800"
"3","000001",2022-01-11,"17.4100","158199940","2752485391.28","0.0128","9.30","0.85","-19.79","2.08","0.60","2.970800"
"3","000001",2022-01-12,"17.0000","150216355","2561266412.25","-0.0235","9.08","0.85","-19.79","2.08","0.60","2.970800"
"3","000001",2022-01-13,"16.9800","90942265","1550319158.87","-0.0012","9.07","0.85","-19.79","2.08","0.60","2.970800"
"3","000001",2022-01-14,"16.3300","210309491","3459950804.53","-0.0383","8.72","0.85","-19.79","2.08","0.60","2.970800"
"3","000001",2022-01-17,"16.2200","114368943","1855633789.59","-0.0067","8.66","0.85","-19.79","2.08","0.60","2.970800"
"3","000001",2022-01-18,"16.5200","115297431","1891094610.09","0.0185","8.82","0.85","-19.79","2.08","0.60","2.970800"
"3","000001",2022-01-19,"16.5000","98839185","1630973587.20","-0.0012","8.81","0.85","-19.79","2.08","0.60","2.970800"
"3","000001",2022-01-20,"17.3300","303119377","5195805549.58","0.0503","9.26","0.85","-19.79","2.08","0.60","2.970800"
"3","000001",2022-01-21,"17.3500","148168295","2575115124.69","0.0012","9.27","0.85","-19.79","2.08","0.60","2.970800"
"3","000001",2022-01-24,"17.2000","87477087","1501390339.01","-0.0086","9.19","0.85","-19.79","2.08","0.60","2.970800"
"3","000001",2022-01-25,"16.8500","109328397","1851999025.42","-0.0203","9.00","0.85","-19.79","2.08","0.60","2.970800"
"3","000001",2022-01-26,"16.6500","98497522","1646384984.37","-0.0119","8.89","0.85","-19.79","2.08","0.60","2.970800"
"3","000001",2022-01-27,"16.3000","102464311","1677261296.33","-0.0210","8.71","0.85","-19.79","2.08","0.60","2.970800"
"3","000001",2022-01-28,"15.8300","167556367","2695470330.62","-0.0288","8.45","0.85","-19.79","2.08","0.60","2.970800"
"3","000001",2022-02-07,"16.3900","151547630","2451798485.84","0.0354","8.75","0.85","-19.79","2.08","0.60","2.970800"
"3","000001",2022-02-08,"16.8300","175469528","2950309012.49","0.0268","8.99","0.85","-19.79","2.08","0.60","2.970800"
"3","000001",2022-02-09,"16.8600","105116166","1774253636.50","0.0018","9.00","0.85","-19.79","2.08","0.60","2.970800"
"3","000001",2022-02-10,"16.9900","78455735","1326848947.79","0.0077","9.07","0.85","-19.79","2.08","0.60","2.970800"
"3","000001",2022-02-11,"17.1000","107813914","1852167493.23","0.0065","9.13","0.85","-19.79","2.08","0.60","2.970800"
"3","000001",2022-02-14,"16.5800","115065851","1917613419.43","-0.0304","8.85","0.85","-19.79","2.08","0.60","2.970800"
"3","000001",2022-02-15,"16.2800","120826437","1968985378.18","-0.0181","8.69","0.85","-19.79","2.08","0.60","2.970800"
"3","000001",2022-02-16,"16.4100","78239959","1282234150.21","0.0080","8.76","0.85","-19.79","2.08","0.60","2.970800"
"3","000001",2022-02-17,"16.4200","79450184","1306514349.59","0.0006","8.77","0.85","-19.79","2.08","0.60","2.970800"
"3","000001",2022-02-18,"16.7700","80249940","1330233365.68","0.0213","8.96","0.85","-19.79","2.08","0.60","2.970800"
"3","000001",2022-02-21,"16.5100","80099455","1316023718.12","-0.0155","8.82","0.85","-19.79","2.08","0.60","2.970800"
"3","000001",2022-02-22,"16.2300","89495673","1454156224.87","-0.0170","8.67","0.85","-19.79","2.08","0.60","2.970800"
"3","000001",2022-02-23,"16.1900","88674244","1431289852.14","-0.0025","8.65","0.85","-19.79","2.08","0.60","2.970800"
"3","000001",2022-02-24,"15.9100","132408685","2112842553.10","-0.0173","8.50","0.85","-19.79","2.08","0.60","2.970800"
"3","000001",2022-02-25,"15.9000","72639707","1157890268.48","-0.0006","8.49","0.85","-19.79","2.08","0.60","2.970800"
"3","000001",2022-02-28,"15.7500","72399045","1137154094.55","-0.0094","8.41","0.85","-19.79","2.08","0.60","2.970800"
"3","000001",2022-03-01,"15.9200","93504034","1474693965.21","0.0108","8.50","0.85","-19.79","2.08","0.60","2.970800"
"3","000001",2022-03-02,"15.6800","76076086","1196321948.91","-0.0151","8.37","0.85","-19.79","2.08","0.60","2.970800"
"3","000001",2022-03-03,"15.7100","57828505","908171588.15","0.0019","8.39","0.85","-19.79","2.08","0.60","2.970800"
"3","000001",2022-03-04,"15.3300","99093566","1523793664.71","-0.0242","8.19","0.85","-19.79","2.08","0.60","2.970800"
"3","000001",2022-03-07,"14.7200","111315899","1655959941.77","-0.0398","7.86","0.85","-19.79","2.08","0.60","2.970800"
"3","000001",2022-03-08,"14.3100","100303269","1463145930.40","-0.0279","7.64","0.85","-19.79","2.08","0.60","2.970800"
"3","000001",2022-03-09,"13.8400","180076017","2492042993.23","-0.0328","7.39","0.85","-19.79","2.08","0.60","2.970800"
"3","000001",2022-03-10,"14.5700","224915816","3269867788.22","0.0527","7.78","0.85","-19.79","2.08","1.87","9.188600"
"3","000001",2022-03-11,"14.9000","149364697","2187480610.66","0.0226","7.96","0.85","-19.79","2.08","1.87","9.188600"
"3","000001",2022-03-14,"14.4900","111840734","1637278471.46","-0.0275","7.74","0.85","-19.79","2.08","1.87","9.188600"
"3","000001",2022-03-15,"13.6800","178140887","2479769555.05","-0.0559","7.31","0.85","-19.79","2.08","1.87","9.188600"
"3","000001",2022-03-16,"14.3100","153177906","2141637065.84","0.0461","7.64","0.85","-19.79","2.08","1.87","9.188600"
"3","000001",2022-03-17,"14.4500","173006142","2506504217.46","0.0098","7.72","0.85","-19.79","2.08","1.87","9.188600"
"3","000001",2022-03-18,"14.7000","152880713","2222158762.02","0.0173","7.85","0.85","-19.79","2.08","1.87","9.188600"
"3","000001",2022-03-21,"14.5900","120886805","1765673892.12","-0.0075","7.79","0.85","-19.79","2.08","1.87","9.188600"
"3","000001",2022-03-22,"15.1800","162865658","2443174055.85","0.0404","8.11","0.85","-19.79","2.08","1.87","9.188600"
"3","000001",2022-03-23,"15.0000","105010238","1577561341.66","-0.0119","8.01","0.85","-19.79","2.08","1.87","9.188600"
"3","000001",2022-03-24,"15.2000","100235995","1518870080.31","0.0133","8.12","0.85","-19.79","2.08","1.87","9.188600"
"3","000001",2022-03-25,"14.9800","74293335","1116354595.16","-0.0145","8.00","0.85","-19.79","2.08","1.87","9.188600"
"3","000001",2022-03-28,"14.8500","72713699","1078327302.93","-0.0087","7.93","0.85","-19.79","2.08","1.87","9.188600"
"3","000001",2022-03-29,"14.6800","61564315","909169631.24","-0.0114","7.84","0.85","-19.79","2.08","1.87","9.188600"
"3","000001",2022-03-30,"15.2100","123679155","1859617040.64","0.0361","8.12","0.85","-19.79","2.08","1.87","9.188600"
"3","000001",2022-03-31,"15.3800","116374674","1789209946.79","0.0112","8.21","0.77","-18.47","1.94","1.87","9.188600"
"3","000001",2022-04-01,"15.7500","148487874","2319616863.02","0.0241","7.83","0.77","-18.47","1.94","1.87","9.188600"
"3","000001",2022-04-06,"16.3900","248854005","4064051491.84","0.0406","8.14","0.77","-18.47","1.94","1.87","9.188600"
"3","000001",2022-04-07,"16.2800","165906455","2724002904.78","-0.0067","8.09","0.77","-18.47","1.94","1.87","9.188600"
"3","000001",2022-04-08,"16.4000","106677946","1741072072.48","0.0074","8.15","0.77","-18.47","1.94","1.87","9.188600"
"3","000001",2022-04-11,"16.0500","141673536","2277469055.78","-0.0213","7.98","0.77","-18.47","1.94","1.87","9.188600"
"3","000001",2022-04-12,"15.9200","103926142","1654820082.53","-0.0081","7.91","0.77","-18.47","1.94","1.87","9.188600"
"3","000001",2022-04-13,"15.8000","89062806","1415496125.98","-0.0075","7.85","0.77","-18.47","1.94","1.87","9.188600"
"3","000001",2022-04-14,"16.0400","92961494","1493343952.15","0.0152","7.97","0.77","-18.47","1.94","1.87","9.188600"
"3","000001",2022-04-15,"16.4200","123176103","2014010094.33","0.0237","8.16","0.77","-18.47","1.94","1.87","9.188600"
"3","000001",2022-04-18,"15.9000","108688756","1734236523.85","-0.0317","7.90","0.77","-18.47","1.94","1.87","9.188600"
"3","000001",2022-04-19,"15.8100","82177249","1294226951.21","-0.0057","7.86","0.77","-18.47","1.94","1.87","9.188600"
"3","000001",2022-04-20,"15.8500","71655528","1137697846.98","0.0025","7.88","0.77","-18.47","1.94","1.87","9.188600"
"3","000001",2022-04-21,"15.8100","70989116","1124663651.04","-0.0025","7.86","0.77","-18.47","1.94","1.87","9.188600"
"3","000001",2022-04-22,"16.0600","92127408","1468452957.95","0.0158","7.98","0.77","-18.47","1.94","1.87","9.188600"
"3","000001",2022-04-25,"14.8500","166448098","2527610217.43","-0.0753","7.38","0.77","-18.47","1.94","1.87","9.188600"
"3","000001",2022-04-26,"14.7300","98820956","1456929632.19","-0.0081","7.32","0.77","-18.47","1.94","1.87","9.188600"
"3","000001",2022-04-27,"15.6500","149029503","2296798759.00","0.0625","7.78","0.77","-18.47","1.94","0.66","3.163700"
"3","000001",2022-04-28,"15.6500","91177187","1426381925.81","0.0000","7.78","0.77","-18.47","1.94","0.66","3.163700"
"3","000001",2022-04-29,"15.3200","164501308","2503476827.84","-0.0211","7.61","0.77","-18.47","1.94","0.66","3.163700"
"3","000001",2022-05-05,"15.3200","79019620","1208735141.83","0.0000","7.61","0.77","-18.47","1.94","0.66","3.163700"
"3","000001",2022-05-06,"14.9600","83243182","1250995594.77","-0.0235","7.43","0.77","-18.47","1.94","0.66","3.163700"
"3","000001",2022-05-09,"14.5500","81862135","1197104247.06","-0.0274","7.23","0.77","-18.47","1.94","0.66","3.163700"
"3","000001",2022-05-10,"14.5900","99228502","1425836927.23","0.0027","7.25","0.77","-18.47","1.94","0.66","3.163700"
"3","000001",2022-05-11,"14.6300","84857362","1240700426.07","0.0027","7.27","0.77","-18.47","1.94","0.66","3.163700"
"3","000001",2022-05-12,"14.3800","68506423","987061607.22","-0.0171","7.15","0.77","-18.47","1.94","0.66","3.163700"
"3","000001",2022-05-13,"14.6100","67631191","985962932.09","0.0160","7.26","0.77","-18.47","1.94","0.66","3.163700"
"3","000001",2022-05-16,"14.4100","66822782","965652298.06","-0.0137","7.16","0.77","-18.47","1.94","0.66","3.163700"
"3","000001",2022-05-17,"14.7100","93140639","1357428406.75","0.0208","7.31","0.77","-18.47","1.94","0.66","3.163700"
"3","000001",2022-05-18,"14.7500","77857833","1150500437.95","0.0027","7.33","0.77","-18.47","1.94","0.66","3.163700"
"3","000001",2022-05-19,"14.6200","59092172","863214130.52","-0.0088","7.26","0.77","-18.47","1.94","0.66","3.163700"
"3","000001",2022-05-20,"15.0200","94859778","1415164711.31","0.0274","7.46","0.77","-18.47","1.94","0.66","3.163700"
"3","000001",2022-05-23,"14.8300","64772592","962683728.68","-0.0126","7.37","0.77","-18.47","1.94","0.66","3.163700"
"3","000001",2022-05-24,"14.4000","93355706","1358693535.33","-0.0290","7.16","0.77","-18.47","1.94","0.66","3.163700"
"3","000001",2022-05-25,"14.3900","60322826","866228924.02","-0.0007","7.15","0.77","-18.47","1.94","0.66","3.163700"
"3","000001",2022-05-26,"14.1900","101131756","1435689342.04","-0.0139","7.05","0.77","-18.47","1.94","0.66","3.163700"
"3","000001",2022-05-27,"14.1800","72306674","1029702185.93","-0.0007","7.05","0.77","-18.47","1.94","0.66","3.163700"
"3","000001",2022-05-30,"14.0800","89690123","1265573047.59","-0.0071","7.00","0.77","-18.47","1.94","0.66","3.163700"
"3","000001",2022-05-31,"14.1600","93886855","1325012047.99","0.0057","7.04","0.77","-18.47","1.94","0.66","3.163700"
"3","000001",2022-06-01,"14.0800","84529898","1187423732.04","-0.0056","7.00","0.77","-18.47","1.94","0.66","3.163700"
"3","000001",2022-06-02,"13.9500","97926822","1363740797.79","-0.0092","6.93","0.77","-18.47","1.94","0.66","3.163700"
"3","000001",2022-06-06,"14.1700","171085175","2370807610.48","0.0158","7.04","0.77","-18.47","1.94","0.66","3.163700"
"3","000001",2022-06-07,"14.1600","131511262","1860366715.71","-0.0007","7.04","0.77","-18.47","1.94","0.66","3.163700"
"3","000001",2022-06-08,"14.1600","114552124","1613524957.82","0.0000","7.04","0.77","-18.47","1.94","0.66","3.163700"
"3","000001",2022-06-09,"14.3500","163290134","2339986707.88","0.0134","7.13","0.77","-18.47","1.94","0.66","3.163700"
"3","000001",2022-06-10,"14.3200","134601231","1914639698.11","-0.0021","7.12","0.77","-18.47","1.94","0.66","3.163700"
"3","000001",2022-06-13,"13.9100","154775285","2163340108.91","-0.0286","6.91","0.77","-18.47","1.94","0.66","3.163700"
"3","000001",2022-06-14,"14.1200","115142939","1602169897.99","0.0151","7.02","0.77","-18.47","1.94","0.66","3.163700"
"3","000001",2022-06-15,"14.7400","341354371","5010292726.77","0.0439","7.32","0.77","-18.47","1.94","0.66","3.163700"
"3","000001",2022-06-16,"14.4400","133254631","1939976254.77","-0.0204","7.18","0.77","-18.47","1.94","0.66","3.163700"
"3","000001",2022-06-17,"14.4500","105378794","1513925913.67","0.0007","7.18","0.77","-18.47","1.94","0.66","3.163700"
"3","000001",2022-06-20,"14.3400","103216680","1479529786.97","-0.0076","7.13","0.77","-18.47","1.94","0.66","3.163700"
"3","000001",2022-06-21,"14.3700","132179398","1905346056.70","0.0021","7.14","0.77","-18.47","1.94","0.66","3.163700"
"3","000001",2022-06-22,"14.0800","105604592","1498415783.73","-0.0202","7.00","0.77","-18.47","1.94","0.66","3.163700"
"3","000001",2022-06-23,"14.2000","80602803","1140899091.64","0.0085","7.06","0.77","-18.47","1.94","0.66","3.163700"
"3","000001",2022-06-24,"14.2300","86604061","1227798687.09","0.0021","7.07","0.77","-18.47","1.94","0.66","3.163700"
"3","000001",2022-06-27,"14.4900","149727818","2166380438.04","0.0183","7.20","0.77","-18.47","1.94","0.66","3.163700"
"3","000001",2022-06-28,"14.6300","112511048","1638673242.41","0.0097","7.27","0.77","-18.47","1.94","0.66","3.163700"
"3","000001",2022-06-29,"14.6400","126654728","1865064678.48","0.0007","7.27","0.77","-18.47","1.94","0.66","3.163700"
"3","000001",2022-06-30,"14.9800","154874501","2304888691.73","0.0232","7.44","0.74","-17.99","1.89","0.66","3.163700"
"3","000001",2022-07-01,"14.9200","77924332","1164030775.95","-0.0040","7.09","0.74","-17.99","1.89","0.66","3.163700"
"3","000001",2022-07-04,"14.9400","83496807","1241453402.11","0.0013","7.10","0.74","-17.99","1.89","0.66","3.163700"
"3","000001",2022-07-05,"14.9100","111517210","1674719025.12","-0.0020","7.08","0.74","-17.99","1.89","0.66","3.163700"
"3","000001",2022-07-06,"14.5300","104333523","1520022514.77","-0.0255","6.90","0.74","-17.99","1.89","0.66","3.163700"
"3","000001",2022-07-07,"14.4200","73016098","1057696546.69","-0.0076","6.85","0.74","-17.99","1.89","0.66","3.163700"
"3","000001",2022-07-08,"14.5400","63969823","928850348.74","0.0083","6.91","0.74","-17.99","1.89","0.66","3.163700"
"3","000001",2022-07-11,"14.4600","61169194","883613754.05","-0.0055","6.87","0.74","-17.99","1.89","0.66","3.163700"
"3","000001",2022-07-12,"14.4200","74288242","1078431989.61","-0.0028","6.85","0.74","-17.99","1.89","0.66","3.163700"
"3","000001",2022-07-13,"13.9700","217599606","3056913117.84","-0.0312","6.64","0.74","-17.99","1.89","0.66","3.163700"
"3","000001",2022-07-14,"13.3700","263212087","3534578702.13","-0.0429","6.35","0.74","-17.99","1.89","0.66","3.163700"
"3","000001",2022-07-15,"13.2400","159863740","2139915274.03","-0.0097","6.29","0.74","-17.99","1.89","0.66","3.163700"
"3","000001",2022-07-18,"13.3900","115350581","1536340973.20","0.0113","6.36","0.74","-17.99","1.89","0.66","3.163700"
"3","000001",2022-07-19,"13.4200","75559710","1008562417.24","0.0022","6.38","0.74","-17.99","1.89","0.66","3.163700"
"3","000001",2022-07-20,"13.3900","80145866","1073936299.76","-0.0022","6.36","0.74","-17.99","1.89","0.66","3.163700"
"3","000001",2022-07-21,"13.0100","197038789","2588696130.23","-0.0284","6.18","0.74","-17.99","1.89","0.66","3.163700"
"3","000001",2022-07-22,"12.8100","137650974","1755555714.49","0.0022","6.09","0.74","-17.99","1.89","0.66","3.163700"
"3","000001",2022-07-25,"12.8200","76395581","976071707.30","0.0008","6.09","0.74","-17.99","1.89","0.66","3.163700"
"3","000001",2022-07-26,"12.9100","102404881","1314310442.31","0.0070","6.13","0.74","-17.99","1.89","0.66","3.163700"
"3","000001",2022-07-27,"12.7900","92391408","1182889760.74","-0.0093","6.08","0.74","-17.99","1.89","0.66","3.163700"
"3","000001",2022-07-28,"12.8800","75034652","964903657.66","0.0070","6.12","0.74","-17.99","1.89","0.66","3.163700"
"3","000001",2022-07-29,"12.6800","83149747","1059518584.72","-0.0155","6.03","0.74","-17.99","1.89","0.66","3.163700"
"3","000001",2022-08-01,"12.4200","102573271","1277987010.00","-0.0205","5.90","0.74","-17.99","1.89","0.66","3.163700"
"3","000001",2022-08-02,"12.2600","137300930","1664397666.12","-0.0129","5.83","0.74","-17.99","1.89","0.66","3.163700"
"3","000001",2022-08-03,"12.0300","74613653","905653324.71","-0.0188","5.72","0.74","-17.99","1.89","0.66","3.163700"
"3","000001",2022-08-04,"12.1600","60267562","729351710.02","0.0108","5.78","0.74","-17.99","1.89","0.66","3.163700"
"3","000001",2022-08-05,"12.3100","76529787","930836354.10","0.0123","5.85","0.74","-17.99","1.89","0.66","3.163700"
"3","000001",2022-08-08,"12.2000","55199969","674950920.80","-0.0089","5.80","0.74","-17.99","1.89","0.66","3.163700"
"3","000001",2022-08-09,"12.1200","55844757","677098632.55","-0.0066","5.76","0.74","-17.99","1.89","0.66","3.163700"
"3","000001",2022-08-10,"12.0600","68302321","825806007.77","-0.0050","5.73","0.74","-17.99","1.89","0.66","3.163700"
"3","000001",2022-08-11,"12.3500","139930361","1710719478.11","0.0240","5.87","0.74","-17.99","1.89","0.66","3.163700"
"3","000001",2022-08-12,"12.3800","82050356","1010612433.40","0.0024","5.88","0.74","-17.99","1.89","0.66","3.163700"
"3","000001",2022-08-15,"12.1100","117201000","1425087455.23","-0.0218","5.75","0.74","-17.99","1.89","0.66","3.163700"
"3","000001",2022-08-16,"12.1300","63122370","765907218.72","0.0017","5.76","0.74","-17.99","1.89","0.66","3.163700"
"3","000001",2022-08-17,"12.4000","134850658","1656961619.36","0.0223","5.89","0.74","-17.99","1.89","0.66","3.163700"
"3","000001",2022-08-18,"12.2500","126970094","1560630567.70","-0.0121","5.82","0.74","-17.99","1.89","1.14","5.359900"
"3","000001",2022-08-19,"12.5700","210641724","2653471090.10","0.0261","5.97","0.74","-17.99","1.89","1.14","5.359900"
"3","000001",2022-08-22,"12.5000","113807658","1423361878.69","-0.0056","5.94","0.74","-17.99","1.89","1.14","5.359900"
"3","000001",2022-08-23,"12.3400","92146307","1137300431.45","-0.0128","5.86","0.74","-17.99","1.89","1.14","5.359900"
"3","000001",2022-08-24,"12.4000","129537533","1613309589.13","0.0049","5.89","0.74","-17.99","1.89","1.14","5.359900"
"3","000001",2022-08-25,"12.6200","106401061","1329230362.32","0.0177","6.00","0.74","-17.99","1.89","1.14","5.359900"
"3","000001",2022-08-26,"12.6100","92763426","1168951099.46","-0.0008","5.99","0.74","-17.99","1.89","1.14","5.359900"
"3","000001",2022-08-29,"12.4200","92449065","1145189174.15","-0.0151","5.90","0.74","-17.99","1.89","1.14","5.359900"
"3","000001",2022-08-30,"12.4800","79971238","991447627.25","0.0048","5.93","0.74","-17.99","1.89","1.14","5.359900"
"3","000001",2022-08-31,"12.7500","165304158","2091408314.78","0.0216","6.06","0.74","-17.99","1.89","1.14","5.359900"
"3","000001",2022-09-01,"12.6100","86198195","1092666276.97","-0.0110","5.99","0.74","-17.99","1.89","1.14","5.359900"
"3","000001",2022-09-02,"12.5100","78636281","983433862.85","-0.0079","5.94","0.74","-17.99","1.89","1.14","5.359900"
"3","000001",2022-09-05,"12.5700","63203998","788451088.80","0.0048","5.97","0.74","-17.99","1.89","1.14","5.359900"
"3","000001",2022-09-06,"12.5000","73129499","914692183.62","-0.0056","5.94","0.74","-17.99","1.89","1.14","5.359900"
"3","000001",2022-09-07,"12.3300","97981281","1208329758.86","-0.0136","5.86","0.74","-17.99","1.89","1.14","5.359900"
"3","000001",2022-09-08,"12.3600","62111692","768913483.55","0.0024","5.87","0.74","-17.99","1.89","1.14","5.359900"
"3","000001",2022-09-09,"12.7200","195129731","2469131334.35","0.0291","6.04","0.74","-17.99","1.89","1.14","5.359900"
"3","000001",2022-09-13,"12.9500","172268989","2223707380.14","0.0181","6.15","0.74","-17.99","1.89","1.14","5.359900"
"3","000001",2022-09-14,"12.7300","85803584","1095054828.69","-0.0170","6.05","0.74","-17.99","1.89","1.14","5.359900"
"3","000001",2022-09-15,"13.0000","184101788","2393239453.41","0.0212","6.18","0.74","-17.99","1.89","1.14","5.359900"
"3","000001",2022-09-16,"12.5600","135744781","1719252822.13","-0.0338","5.97","0.74","-17.99","1.89","1.14","5.359900"
"3","000001",2022-09-19,"12.5700","63212104","793491306.11","0.0008","5.97","0.74","-17.99","1.89","1.14","5.359900"
"3","000001",2022-09-20,"12.3400","88998853","1102212203.64","-0.0183","5.86","0.74","-17.99","1.89","1.14","5.359900"
"3","000001",2022-09-21,"12.4300","68419739","845477181.51","0.0073","5.91","0.74","-17.99","1.89","1.14","5.359900"
"3","000001",2022-09-22,"12.2900","58613338","720058210.32","-0.0113","5.84","0.74","-17.99","1.89","1.14","5.359900"
"3","000001",2022-09-23,"12.2900","58644106","722703127.68","0.0000","5.84","0.74","-17.99","1.89","1.14","5.359900"
"3","000001",2022-09-26,"12.0000","90372904","1094060839.05","-0.0236","5.70","0.74","-17.99","1.89","1.14","5.359900"
"3","000001",2022-09-27,"12.1500","78962229","946732993.84","0.0125","5.77","0.74","-17.99","1.89","1.14","5.359900"
"3","000001",2022-09-28,"12.1100","78092558","946211766.90","-0.0033","5.75","0.74","-17.99","1.89","1.14","5.359900"
"3","000001",2022-09-29,"11.8600","91771804","1100405198.17","-0.0206","5.64","0.74","-17.99","1.89","1.14","5.359900"
"3","000001",2022-09-30,"11.8400","53723019","638906947.77","-0.0017","5.63","0.57","-1.19","1.36","1.14","5.359900"
"3","000001",2022-10-10,"11.4700","96608018","1119089730.68","-0.0312","5.66","0.57","-1.19","1.36","1.14","5.359900"
"3","000001",2022-10-11,"11.4800","41525337","476749226.50","0.0009","5.66","0.57","-1.19","1.36","1.14","5.359900"
"3","000001",2022-10-12,"11.6000","55957243","641776508.91","0.0105","5.72","0.57","-1.19","1.36","1.14","5.359900"
"3","000001",2022-10-13,"11.3400","85261597","970021739.40","-0.0224","5.59","0.57","-1.19","1.36","1.14","5.359900"
"3","000001",2022-10-14,"11.5300","109606158","1265486550.33","0.0168","5.69","0.57","-1.19","1.36","1.14","5.359900"
"3","000001",2022-10-17,"11.4800","102482271","1171523550.16","-0.0043","5.66","0.57","-1.19","1.36","1.14","5.359900"
"3","000001",2022-10-18,"11.4800","94683709","1091646643.72","0.0000","5.66","0.57","-1.19","1.36","1.14","5.359900"
"3","000001",2022-10-19,"11.2900","92398968","1049700767.19","-0.0166","5.57","0.57","-1.19","1.36","1.14","5.359900"
"3","000001",2022-10-20,"11.2000","78192323","876967150.61","-0.0080","5.52","0.57","-1.19","1.36","1.14","5.359900"
"3","000001",2022-10-21,"11.0900","78557429","876648490.61","-0.0098","5.47","0.57","-1.19","1.36","1.14","5.359900"
"3","000001",2022-10-24,"10.6200","138339065","1496043940.13","-0.0424","5.24","0.57","-1.19","1.36","1.14","5.359900"
"3","000001",2022-10-25,"10.6500","131697940","1406437766.06","0.0028","5.25","0.57","-1.19","1.36","0.75","3.425400"
"3","000001",2022-10-26,"10.6600","114382988","1220733277.85","0.0009","5.26","0.57","-1.19","1.36","0.75","3.425400"
"3","000001",2022-10-27,"10.6800","95738346","1024868047.21","0.0019","5.27","0.57","-1.19","1.36","0.75","3.425400"
"3","000001",2022-10-28,"10.4200","105794701","1114999302.11","-0.0243","5.14","0.57","-1.19","1.36","0.75","3.425400"
"3","000001",2022-10-31,"10.3400","98309569","1016230012.22","-0.0077","5.10","0.57","-1.19","1.36","0.75","3.425400"
"3","000001",2022-11-01,"10.6700","138123413","1459758367.32","0.0319","5.26","0.57","-1.19","1.36","0.75","3.425400"
"3","000001",2022-11-02,"10.6300","130298818","1377816220.13","-0.0037","5.24","0.57","-1.19","1.36","0.75","3.425400"
"3","000001",2022-11-03,"10.4400","98353561","1028904286.04","-0.0179","5.15","0.57","-1.19","1.36","0.75","3.425400"
"3","000001",2022-11-04,"10.8200","177611223","1903720943.52","0.0364","5.34","0.57","-1.19","1.36","0.75","3.425400"
"3","000001",2022-11-07,"10.8800","98808204","1070554832.90","0.0055","5.36","0.57","-1.19","1.36","0.75","3.425400"
"3","000001",2022-11-08,"10.8500","58322205","632835804.82","-0.0028","5.35","0.57","-1.19","1.36","0.75","3.425400"
"3","000001",2022-11-09,"10.8900","83210685","911153622.45","0.0037","5.37","0.57","-1.19","1.36","0.75","3.425400"
"3","000001",2022-11-10,"10.8700","55202119","596916589.27","-0.0018","5.36","0.57","-1.19","1.36","0.75","3.425400"
"3","000001",2022-11-11,"11.4300","254507055","2878557391.61","0.0515","5.64","0.57","-1.19","1.36","0.75","3.425400"
"3","000001",2022-11-14,"11.9500","387208410","4637823413.97","0.0455","5.89","0.57","-1.19","1.36","0.75","3.425400"
"3","000001",2022-11-15,"12.0100","157390134","1891249648.05","0.0050","5.92","0.57","-1.19","1.36","0.75","3.425400"
"3","000001",2022-11-16,"11.8200","127869288","1519133931.85","-0.0158","5.83","0.57","-1.19","1.36","0.75","3.425400"
"3","000001",2022-11-17,"11.6900","109104716","1273790880.66","-0.0110","5.76","0.57","-1.19","1.36","0.75","3.425400"
"3","000001",2022-11-18,"11.5900","86809329","1011078679.59","-0.0086","5.71","0.57","-1.19","1.36","0.75","3.425400"
"3","000001",2022-11-21,"11.4600","104773707","1189388618.26","-0.0112","5.65","0.57","-1.19","1.36","0.75","3.425400"
"3","000001",2022-11-22,"11.8200","149132388","1748727406.58","0.0314","5.83","0.57","-1.19","1.36","0.75","3.425400"
"3","000001",2022-11-23,"11.8200","124765653","1483352651.73","0.0000","5.83","0.57","-1.19","1.36","0.75","3.425400"
"3","000001",2022-11-24,"11.7700","79671882","941002372.92","-0.0042","5.80","0.57","-1.19","1.36","0.75","3.425400"
"3","000001",2022-11-25,"12.1700","176072817","2130171604.64","0.0340","6.00","0.57","-1.19","1.36","0.75","3.425400"
"3","000001",2022-11-28,"11.8100","133156295","1568351120.17","-0.0296","5.82","0.57","-1.19","1.36","0.75","3.425400"
"3","000001",2022-11-29,"12.9900","474927650","6026006641.97","0.0999","6.41","0.57","-1.19","1.36","0.75","3.425400"
"3","000001",2022-11-30,"13.0300","320962830","4206404173.08","0.0031","6.43","0.57","-1.19","1.36","0.75","3.425400"
"3","000001",2022-12-01,"13.1000","200268883","2658203027.20","0.0054","6.46","0.57","-1.19","1.36","0.75","3.425400"
"3","000001",2022-12-02,"12.9000","140420278","1803658762.25","-0.0153","6.36","0.57","-1.19","1.36","0.75","3.425400"
"3","000001",2022-12-05,"13.5300","228762742","3057231972.57","0.0488","6.67","0.57","-1.19","1.36","0.75","3.425400"
"3","000001",2022-12-06,"13.4300","125257891","1680593515.50","-0.0074","6.62","0.57","-1.19","1.36","0.75","3.425400"
"3","000001",2022-12-07,"13.1500","137737690","1815667663.45","-0.0208","6.48","0.57","-1.19","1.36","0.75","3.425400"
"3","000001",2022-12-08,"13.3600","106572280","1422047904.50","0.0160","6.59","0.57","-1.19","1.36","0.75","3.425400"
"3","000001",2022-12-09,"13.7000","161583192","2197501648.81","0.0254","6.76","0.57","-1.19","1.36","0.75","3.425400"
"3","000001",2022-12-12,"13.1100","139258428","1848277966.60","-0.0431","6.46","0.57","-1.19","1.36","0.75","3.425400"
"3","000001",2022-12-13,"13.2400","90228513","1194285343.09","0.0099","6.53","0.57","-1.19","1.36","0.75","3.425400"
"3","000001",2022-12-14,"13.2300","97406110","1287867945.07","-0.0008","6.52","0.57","-1.19","1.36","0.75","3.425400"
"3","000001",2022-12-15,"13.1000","83534926","1094434005.98","-0.0098","6.46","0.57","-1.19","1.36","0.75","3.425400"
"3","000001",2022-12-16,"13.3400","92425167","1225269166.25","0.0183","6.58","0.57","-1.19","1.36","0.75","3.425400"
"3","000001",2022-12-19,"13.0400","103086606","1355435567.16","-0.0225","6.43","0.57","-1.19","1.36","0.75","3.425400"
"3","000001",2022-12-20,"12.7600","89621223","1150630681.38","-0.0215","6.29","0.57","-1.19","1.36","0.75","3.425400"
"3","000001",2022-12-21,"12.8900","61458964","791782473.29","0.0102","6.36","0.57","-1.19","1.36","0.75","3.425400"
"3","000001",2022-12-22,"12.9500","67239430","876159828.48","0.0047","6.39","0.57","-1.19","1.36","0.75","3.425400"
"3","000001",2022-12-23,"12.9800","56442641","730705958.53","0.0023","6.40","0.57","-1.19","1.36","0.75","3.425400"
"3","000001",2022-12-26,"12.7700","79711987","1021903962.65","-0.0162","6.30","0.57","-1.19","1.36","0.75","3.425400"
"3","000001",2022-12-27,"13.1100","88600412","1160090119.01","0.0266","6.46","0.57","-1.19","1.36","0.75","3.425400"
"3","000001",2022-12-28,"13.1400","79119198","1042402080.41","0.0023","6.48","0.57","-1.19","1.36","0.75","3.425400"
"3","000001",2022-12-29,"13.0300","66689009","865144967.10","-0.0084","6.43","0.57","-1.19","1.36","0.75","3.425400"
"3","000001",2022-12-30,"13.1600","81803598","1074756753.75","0.0100","6.49","0.57","-1.19","1.36","0.75","3.425400"
"3","000001",2022-12-31,,,,,"6.49","0.62","-1.33","1.51","0.75","3.425400"
"3","000001",2023-01-03,"13.7700","219412794","2971546989.04","0.0464","5.87","0.62","-1.33","1.51","0.75","3.425400"
"3","000001",2023-01-04,"14.3200","218968253","3110729449.03","0.0399","6.11","0.62","-1.33","1.51","0.75","3.425400"
"3","000001",2023-01-05,"14.4800","166542518","2417272355.99","0.0112","6.17","0.62","-1.33","1.51","0.75","3.425400"
"3","000001",2023-01-06,"14.6200","119574471","1747915169.26","0.0097","6.23","0.62","-1.33","1.51","0.75","3.425400"
"3","000001",2023-01-09,"14.8000","105765911","1561368487.30","0.0123","6.31","0.62","-1.33","1.51","0.75","3.425400"
"3","000001",2023-01-10,"14.4400","126942339","1851093716.76","-0.0243","6.16","0.62","-1.33","1.51","0.75","3.425400"
"3","000001",2023-01-11,"14.6700","83056612","1217450811.64","0.0159","6.25","0.62","-1.33","1.51","0.75","3.425400"
"3","000001",2023-01-12,"14.6700","62569484","914367699.65","0.0000","6.25","0.62","-1.33","1.51","0.75","3.425400"
"3","000001",2023-01-13,"14.9500","94908583","1407181074.29","0.0191","6.37","0.62","-1.33","1.51","0.75","3.425400"
"3","000001",2023-01-16,"15.0800","156003989","2356399992.83","0.0087","6.43","0.62","-1.33","1.51","0.75","3.425400"
"3","000001",2023-01-17,"14.9700","93583454","1396151514.52","-0.0073","6.38","0.62","-1.33","1.51","0.75","3.425400"
"3","000001",2023-01-18,"15.1100","71843403","1083362997.53","0.0094","6.44","0.62","-1.33","1.51","0.75","3.425400"
"3","000001",2023-01-19,"15.0900","64187520","963744633.47","-0.0013","6.43","0.62","-1.33","1.51","0.75","3.425400"
"3","000001",2023-01-20,"15.1300","60859008","920144805.73","0.0027","6.45","0.62","-1.33","1.51","0.75","3.425400"
"3","000001",2023-01-30,"15.1500","137431750","2096867649.37","0.0013","6.46","0.62","-1.33","1.51","0.75","3.425400"
"3","000001",2023-01-31,"14.9900","103049784","1568639326.21","-0.0106","6.39","0.62","-1.33","1.51","0.75","3.425400"
"3","000001",2023-02-01,"14.7000","165342148","2426471972.52","-0.0193","6.27","0.62","-1.33","1.51","0.75","3.425400"
"3","000001",2023-02-02,"14.6000","157790039","2280744883.13","-0.0068","6.22","0.62","-1.33","1.51","0.75","3.425400"
"3","000001",2023-02-03,"14.3200","124638298","1782105890.79","-0.0192","6.11","0.62","-1.33","1.51","0.75","3.425400"
"3","000001",2023-02-06,"14.0000","131761010","1838428709.03","-0.0223","5.97","0.62","-1.33","1.51","0.75","3.425400"
"3","000001",2023-02-07,"14.2100","86946046","1235297762.54","0.0150","6.06","0.62","-1.33","1.51","0.75","3.425400"
"3","000001",2023-02-08,"14.0400","65789257","928708933.85","-0.0120","5.99","0.62","-1.33","1.51","0.75","3.425400"
"3","000001",2023-02-09,"14.1300","83035002","1174361963.28","0.0064","6.02","0.62","-1.33","1.51","0.75","3.425400"
"3","000001",2023-02-10,"13.9800","84728366","1184283386.20","-0.0106","5.96","0.62","-1.33","1.51","0.75","3.425400"
"3","000001",2023-02-13,"13.8200","180005416","2473405202.92","-0.0114","5.89","0.62","-1.33","1.51","0.75","3.425400"
"3","000001",2023-02-14,"13.9600","90993709","1263892077.72","0.0101","5.95","0.62","-1.33","1.51","0.75","3.425400"
"3","000001",2023-02-15,"13.6700","125024398","1713566672.72","-0.0208","5.83","0.62","-1.33","1.51","0.75","3.425400"
"3","000001",2023-02-16,"13.6000","127912329","1757431083.85","-0.0051","5.80","0.62","-1.33","1.51","0.75","3.425400"
"3","000001",2023-02-17,"13.4300","91836369","1246777397.11","-0.0125","5.73","0.62","-1.33","1.51","0.75","3.425400"
"3","000001",2023-02-20,"14.1500","211619117","2945969773.39","0.0536","6.03","0.62","-1.33","1.51","0.75","3.425400"
"3","000001",2023-02-21,"14.1000","99049499","1393153377.30","-0.0035","6.01","0.62","-1.33","1.51","0.75","3.425400"
"3","000001",2023-02-22,"14.0200","63892239","895742534.31","-0.0057","5.98","0.62","-1.33","1.51","0.75","3.425400"
"3","000001",2023-02-23,"14.0500","82449068","1165539851.19","0.0021","5.99","0.62","-1.33","1.51","0.75","3.425400"
"3","000001",2023-02-24,"13.8600","72998904","1012652971.88","-0.0135","5.91","0.62","-1.33","1.51","0.75","3.425400"
"3","000001",2023-02-27,"13.6900","62146193","854854040.54","-0.0123","5.84","0.62","-1.33","1.51","0.75","3.425400"
"3","000001",2023-02-28,"13.7800","60793592","833316018.45","0.0066","5.88","0.62","-1.33","1.51","0.75","3.425400"
"3","000001",2023-03-01,"14.1700","122345178","1719710647.06","0.0283","6.04","0.62","-1.33","1.51","0.75","3.425400"
"3","000001",2023-03-02,"14.2400","101587684","1447565979.98","0.0049","6.07","0.62","-1.33","1.51","0.75","3.425400"
"3","000001",2023-03-03,"14.2900","69095439","985552120.63","0.0035","6.09","0.62","-1.33","1.51","0.75","3.425400"
"3","000001",2023-03-06,"13.8500","145582414","2023954547.20","-0.0308","5.90","0.62","-1.33","1.51","0.75","3.425400"
"3","000001",2023-03-07,"13.6900","127926629","1773654737.03","-0.0116","5.84","0.62","-1.33","1.51","0.75","3.425400"
"3","000001",2023-03-08,"13.5300","109689791","1479838980.07","-0.0117","5.77","0.62","-1.33","1.51","0.75","3.425400"
"3","000001",2023-03-09,"13.2000","173606476","2305765842.21","-0.0244","5.63","0.62","-1.33","1.51","2.35","10.471200"
"3","000001",2023-03-10,"13.1400","85699610","1128558359.50","-0.0045","5.60","0.62","-1.33","1.51","2.35","10.471200"
"3","000001",2023-03-13,"13.0500","100063496","1309490079.38","-0.0068","5.56","0.62","-1.33","1.51","2.35","10.471200"
"3","000001",2023-03-14,"12.8700","114907558","1474124198.86","-0.0138","5.49","0.62","-1.33","1.51","2.35","10.471200"
"3","000001",2023-03-15,"13.0500","97936372","1278262225.47","0.0140","5.56","0.62","-1.33","1.51","2.35","10.471200"
"3","000001",2023-03-16,"12.8200","91679249","1182054433.62","-0.0176","5.47","0.62","-1.33","1.51","2.35","10.471200"
"3","000001",2023-03-17,"12.7500","155681414","2000832407.83","-0.0055","5.44","0.62","-1.33","1.51","2.35","10.471200"
"3","000001",2023-03-20,"12.5700","118881633","1505893658.68","-0.0141","5.36","0.62","-1.33","1.51","2.35","10.471200"
"3","000001",2023-03-21,"12.7000","84074317","1060914056.37","0.0103","5.41","0.62","-1.33","1.51","2.35","10.471200"
"3","000001",2023-03-22,"12.7900","87669077","1121080753.38","0.0071","5.45","0.62","-1.33","1.51","2.35","10.471200"
"3","000001",2023-03-23,"12.9000","80430604","1029380497.27","0.0086","5.50","0.62","-1.33","1.51","2.35","10.471200"
"3","000001",2023-03-24,"12.8200","62151875","796319541.97","-0.0062","5.47","0.62","-1.33","1.51","2.35","10.471200"
"3","000001",2023-03-27,"12.6000","100842214","1266945056.03","-0.0172","5.37","0.62","-1.33","1.51","2.35","10.471200"
"3","000001",2023-03-28,"12.6400","67386843","851797868.56","0.0032","5.39","0.62","-1.33","1.51","2.35","10.471200"
"3","000001",2023-03-29,"12.5300","59606433","750687550.55","-0.0087","5.34","0.62","-1.33","1.51","2.35","10.471200"
"3","000001",2023-03-30,"12.6800","82454624","1035422932.01","0.0120","5.41","0.62","-1.33","1.51","2.35","10.471200"
"3","000001",2023-03-31,"12.5300","86549166","1092263436.90","-0.0118","5.34","0.57","-1.26","1.44","2.35","10.471200"
"3","000001",2023-04-03,"12.6700","74042886","934285179.24","0.0112","5.20","0.57","-1.26","1.44","2.35","10.471200"
"3","000001",2023-04-04,"12.6500","64745722","817726526.95","-0.0016","5.19","0.57","-1.26","1.44","2.35","10.471200"
"3","000001",2023-04-06,"12.5800","56332130","706480659.58","-0.0055","5.16","0.57","-1.26","1.44","2.35","10.471200"
"3","000001",2023-04-07,"12.6200","60792526","767354796.52","0.0032","5.18","0.57","-1.26","1.44","2.35","10.471200"
"3","000001",2023-04-10,"12.6800","64018181","809943147.62","0.0048","5.21","0.57","-1.26","1.44","2.35","10.471200"
"3","000001",2023-04-11,"12.5400","77777962","978302907.79","-0.0110","5.15","0.57","-1.26","1.44","2.35","10.471200"
"3","000001",2023-04-12,"12.4800","90995706","1136997696.14","-0.0048","5.12","0.57","-1.26","1.44","2.35","10.471200"
"3","000001",2023-04-13,"12.5600","113159146","1413919037.13","0.0064","5.16","0.57","-1.26","1.44","2.35","10.471200"
"3","000001",2023-04-14,"12.6900","129799484","1653539530.91","0.0104","5.21","0.57","-1.26","1.44","2.35","10.471200"
"3","000001",2023-04-17,"12.9300","130421259","1669357649.18","0.0189","5.31","0.57","-1.26","1.44","2.35","10.471200"
"3","000001",2023-04-18,"13.0000","153893615","2009934874.59","0.0054","5.34","0.57","-1.26","1.44","2.35","10.471200"
"3","000001",2023-04-19,"12.8500","101437815","1309536001.80","-0.0115","5.28","0.57","-1.26","1.44","2.35","10.471200"
"3","000001",2023-04-20,"12.7500","81178841","1033330703.78","-0.0078","5.23","0.57","-1.26","1.44","2.35","10.471200"
"3","000001",2023-04-21,"12.5000","91866839","1160509766.03","-0.0196","5.13","0.57","-1.26","1.44","2.35","10.471200"
"3","000001",2023-04-24,"12.1000","146767192","1798133966.92","-0.0320","4.97","0.57","-1.26","1.44","2.35","10.471200"
"3","000001",2023-04-25,"12.2800","130190082","1595320169.74","0.0149","5.04","0.57","-1.26","1.44","0.75","3.268500"
"3","000001",2023-04-26,"12.1200","99126040","1197555724.16","-0.0130","4.98","0.57","-1.26","1.44","0.75","3.268500"
"3","000001",2023-04-27,"12.2600","100409337","1222755932.37","0.0116","5.03","0.57","-1.26","1.44","0.75","3.268500"
"3","000001",2023-04-28,"12.5500","144525434","1816868032.98","0.0237","5.15","0.57","-1.26","1.44","0.75","3.268500"
"3","000001",2023-05-04,"12.7300","147826438","1863146144.16","0.0143","5.23","0.57","-1.26","1.44","0.75","3.268500"
"3","000001",2023-05-05,"12.9100","176218865","2283981032.07","0.0141","5.30","0.57","-1.26","1.44","0.75","3.268500"
"3","000001",2023-05-08,"13.3200","263071861","3478891629.35","0.0318","5.47","0.57","-1.26","1.44","0.75","3.268500"
"3","000001",2023-05-09,"13.1600","242253445","3238716470.97","-0.0120","5.40","0.57","-1.26","1.44","0.75","3.268500"
"3","000001",2023-05-10,"12.8400","123705339","1600189994.17","-0.0243","5.27","0.57","-1.26","1.44","0.75","3.268500"
"3","000001",2023-05-11,"12.8500","90375844","1166479364.89","0.0008","5.28","0.57","-1.26","1.44","0.75","3.268500"
"3","000001",2023-05-12,"12.6200","88560368","1124579090.54","-0.0179","5.18","0.57","-1.26","1.44","0.75","3.268500"
"3","000001",2023-05-15,"12.8300","92832563","1173804243.15","0.0166","5.27","0.57","-1.26","1.44","0.75","3.268500"
"3","000001",2023-05-16,"12.6200","99830169","1267712090.05","-0.0164","5.18","0.57","-1.26","1.44","0.75","3.268500"
"3","000001",2023-05-17,"12.4900","75462120","945315193.07","-0.0103","5.13","0.57","-1.26","1.44","0.75","3.268500"
"3","000001",2023-05-18,"12.4900","68718687","861347534.32","0.0000","5.13","0.57","-1.26","1.44","0.75","3.268500"
"3","000001",2023-05-19,"12.3400","68841368","851165593.52","-0.0120","5.07","0.57","-1.26","1.44","0.75","3.268500"
"3","000001",2023-05-22,"12.3800","54932785","679754868.04","0.0032","5.08","0.57","-1.26","1.44","0.75","3.268500"
"3","000001",2023-05-23,"12.2100","69436436","852871175.23","-0.0137","5.01","0.57","-1.26","1.44","0.75","3.268500"
"3","000001",2023-05-24,"12.0100","82425088","996600577.63","-0.0164","4.93","0.57","-1.26","1.44","0.75","3.268500"
"3","000001",2023-05-25,"11.9300","88274430","1050002541.88","-0.0067","4.90","0.57","-1.26","1.44","0.75","3.268500"
"3","000001",2023-05-26,"12.1000","51142864","613772897.17","0.0142","4.97","0.57","-1.26","1.44","0.75","3.268500"
"3","000001",2023-05-29,"11.9800","56607382","680275577.83","-0.0099","4.92","0.57","-1.26","1.44","0.75","3.268500"
"3","000001",2023-05-30,"11.8700","76399692","906316373.61","-0.0092","4.87","0.57","-1.26","1.44","0.75","3.268500"
"3","000001",2023-05-31,"11.6000","117958671","1376758356.68","-0.0227","4.76","0.57","-1.26","1.44","0.75","3.268500"
"3","000001",2023-06-01,"11.5900","74302293","861646489.19","-0.0009","4.76","0.57","-1.26","1.44","0.75","3.268500"
"3","000001",2023-06-02,"11.9300","122184253","1446502669.25","0.0293","4.90","0.57","-1.26","1.44","0.75","3.268500"
"3","000001",2023-06-05,"11.9100","52184619","620531416.42","-0.0017","4.89","0.57","-1.26","1.44","0.75","3.268500"
"3","000001",2023-06-06,"11.8400","83327347","997039311.52","-0.0059","4.86","0.57","-1.26","1.44","0.75","3.268500"
"3","000001",2023-06-07,"11.9400","64369784","770386878.47","0.0084","4.90","0.57","-1.26","1.44","0.75","3.268500"
"3","000001",2023-06-08,"12.1200","86939712","1048266235.89","0.0151","4.98","0.57","-1.26","1.44","0.75","3.268500"
"3","000001",2023-06-09,"11.8800","131528476","1566929273.97","-0.0198","4.88","0.57","-1.26","1.44","0.75","3.268500"
"3","000001",2023-06-12,"11.7900","75874703","896015708.76","-0.0076","4.84","0.57","-1.26","1.44","0.75","3.268500"
"3","000001",2023-06-13,"11.7700","84998805","1000183566.92","-0.0017","4.83","0.57","-1.26","1.44","0.75","3.268500"
"3","000001",2023-06-14,"11.4700","106920004","1237376775.64","-0.0013","4.71","0.57","-1.26","1.44","0.75","3.268500"
"3","000001",2023-06-15,"11.6100","92530056","1064567231.22","0.0122","4.77","0.57","-1.26","1.44","0.75","3.268500"
"3","000001",2023-06-16,"11.6300","84203365","978869317.29","0.0017","4.77","0.57","-1.26","1.44","0.75","3.268500"
"3","000001",2023-06-19,"11.4500","95399707","1096351096.71","-0.0155","4.70","0.57","-1.26","1.44","0.75","3.268500"
"3","000001",2023-06-20,"11.3600","54455079","620374307.69","-0.0079","4.66","0.57","-1.26","1.44","0.75","3.268500"
"3","000001",2023-06-21,"11.3500","61658296","703681563.97","-0.0009","4.66","0.57","-1.26","1.44","0.75","3.268500"
"3","000001",2023-06-26,"11.1800","67657743","757975991.51","-0.0150","4.59","0.57","-1.26","1.44","0.75","3.268500"
"3","000001",2023-06-27,"11.2800","46170178","519520687.33","0.0089","4.63","0.57","-1.26","1.44","0.75","3.268500"
"3","000001",2023-06-28,"11.3000","36539644","412039353.93","0.0018","4.64","0.57","-1.26","1.44","0.75","3.268500"
"3","000001",2023-06-29,"11.1800","48590630","544534825.51","-0.0106","4.59","0.57","-1.26","1.44","0.75","3.268500"
"3","000001",2023-06-30,"11.2300","51905258","583494654.79","0.0045","4.61","0.50","-1.13","1.29","0.75","3.268500"
"3","000001",2023-07-03,"11.4900","88509071","1009887428.65","0.0232","4.57","0.50","-1.13","1.29","0.75","3.268500"
"3","000001",2023-07-04,"11.4000","61630056","701885269.78","-0.0078","4.53","0.50","-1.13","1.29","0.75","3.268500"
"3","000001",2023-07-05,"11.3400","42348240","479726282.47","-0.0053","4.51","0.50","-1.13","1.29","0.75","3.268500"
"3","000001",2023-07-06,"11.2400","59709591","672396816.40","-0.0088","4.47","0.50","-1.13","1.29","0.75","3.268500"
"3","000001",2023-07-07,"11.2000","48444083","543212455.87","-0.0036","4.45","0.50","-1.13","1.29","0.75","3.268500"
"3","000001",2023-07-10,"11.2000","49588228","556581581.65","0.0000","4.45","0.50","-1.13","1.29","0.75","3.268500"
"3","000001",2023-07-11,"11.2100","57080909","640131787.10","0.0009","4.46","0.50","-1.13","1.29","0.75","3.268500"
"3","000001",2023-07-12,"11.2400","73608367","830230820.88","0.0027","4.47","0.50","-1.13","1.29","0.75","3.268500"
"3","000001",2023-07-13,"11.4300","112422973","1281848378.91","0.0169","4.54","0.50","-1.13","1.29","0.75","3.268500"
"3","000001",2023-07-14,"11.4600","71914699","825295738.24","0.0026","4.56","0.50","-1.13","1.29","0.75","3.268500"
"3","000001",2023-07-17,"11.3100","60834258","687262893.86","-0.0131","4.50","0.50","-1.13","1.29","0.75","3.268500"
"3","000001",2023-07-18,"11.2500","47196618","531299772.68","-0.0053","4.47","0.50","-1.13","1.29","0.75","3.268500"
"3","000001",2023-07-19,"11.3100","38219596","430771279.03","0.0053","4.50","0.50","-1.13","1.29","0.75","3.268500"
"3","000001",2023-07-20,"11.3200","55406957","629696111.29","0.0009","4.50","0.50","-1.13","1.29","0.75","3.268500"
"3","000001",2023-07-21,"11.3400","37710256","427375950.49","0.0018","4.51","0.50","-1.13","1.29","0.75","3.268500"
"3","000001",2023-07-24,"11.2600","42685218","480713395.70","-0.0071","4.48","0.50","-1.13","1.29","0.75","3.268500"
"3","000001",2023-07-25,"11.7200","203295819","2358815159.63","0.0409","4.66","0.50","-1.13","1.29","0.75","3.268500"
"3","000001",2023-07-26,"11.6700","75166268","875260135.14","-0.0043","4.64","0.50","-1.13","1.29","0.75","3.268500"
"3","000001",2023-07-27,"11.7500","111519586","1314228293.84","0.0069","4.67","0.50","-1.13","1.29","0.75","3.268500"
"3","000001",2023-07-28,"12.2600","234701346","2839828236.62","0.0434","4.87","0.50","-1.13","1.29","0.75","3.268500"
"3","000001",2023-07-31,"12.3200","185495239","2288940410.58","0.0049","4.90","0.50","-1.13","1.29","0.75","3.268500"
"3","000001",2023-08-01,"12.1600","95773478","1169570704.83","-0.0130","4.83","0.50","-1.13","1.29","0.75","3.268500"
"3","000001",2023-08-02,"12.0300","111590004","1343864165.36","-0.0107","4.78","0.50","-1.13","1.29","0.75","3.268500"
"3","000001",2023-08-03,"12.3300","117584771","1433255493.11","0.0249","4.90","0.50","-1.13","1.29","0.75","3.268500"
"3","000001",2023-08-04,"12.3000","130313102","1611435431.36","-0.0024","4.89","0.50","-1.13","1.29","0.75","3.268500"
"3","000001",2023-08-07,"12.1600","64691326","786506452.16","-0.0114","4.83","0.50","-1.13","1.29","0.75","3.268500"
"3","000001",2023-08-08,"12.1000","72570456","877489187.97","-0.0049","4.81","0.50","-1.13","1.29","0.75","3.268500"
"3","000001",2023-08-09,"12.1700","57760774","702060796.64","0.0058","4.84","0.50","-1.13","1.29","0.75","3.268500"
"3","000001",2023-08-10,"12.1600","47559453","577123919.68","-0.0008","4.83","0.50","-1.13","1.29","0.75","3.268500"
"3","000001",2023-08-11,"11.8900","94353857","1132867239.31","-0.0222","4.73","0.50","-1.13","1.29","0.75","3.268500"
"3","000001",2023-08-14,"11.6700","97592018","1139185249.46","-0.0185","4.64","0.50","-1.13","1.29","0.75","3.268500"
"3","000001",2023-08-15,"11.7300","71281277","834163039.60","0.0051","4.66","0.50","-1.13","1.29","0.75","3.268500"
"3","000001",2023-08-16,"11.7300","57290437","671706045.36","0.0000","4.66","0.50","-1.13","1.29","0.75","3.268500"
"3","000001",2023-08-17,"11.5700","96505775","1116292661.67","-0.0136","4.60","0.50","-1.13","1.29","0.75","3.268500"
"3","000001",2023-08-18,"11.5600","65981885","767047286.89","-0.0009","4.60","0.50","-1.13","1.29","0.75","3.268500"
"3","000001",2023-08-21,"11.3200","70149785","799641423.76","-0.0208","4.50","0.50","-1.13","1.29","0.75","3.268500"
"3","000001",2023-08-22,"11.3700","60680809","689991238.06","0.0044","4.52","0.50","-1.13","1.29","0.75","3.268500"
"3","000001",2023-08-23,"11.2500","69180998","783102827.23","-0.0106","4.47","0.50","-1.13","1.29","0.75","3.268500"
"3","000001",2023-08-24,"11.1300","129127070","1439197083.69","-0.0107","4.42","0.50","-1.13","1.29","1.31","5.615700"
"3","000001",2023-08-25,"11.2300","84534992","946760250.60","0.0090","4.46","0.50","-1.13","1.29","1.31","5.615700"
"3","000001",2023-08-28,"11.5200","199760987","2336205800.56","0.0258","4.58","0.50","-1.13","1.29","1.31","5.615700"
"3","000001",2023-08-29,"11.3100","196496143","2217588610.12","-0.0182","4.50","0.50","-1.13","1.29","1.31","5.615700"
"3","000001",2023-08-30,"11.1300","137563829","1537573550.57","-0.0159","4.42","0.50","-1.13","1.29","1.31","5.615700"
"3","000001",2023-08-31,"11.1300","80647403","900123574.83","0.0000","4.42","0.50","-1.13","1.29","1.31","5.615700"
"3","000001",2023-09-01,"11.3200","113870483","1285169019.19","0.0171","4.50","0.50","-1.13","1.29","1.31","5.615700"
"3","000001",2023-09-04,"11.5600","141002923","1621769196.40","0.0212","4.60","0.50","-1.13","1.29","1.31","5.615700"
"3","000001",2023-09-05,"11.3900","80417716","917888858.57","-0.0147","4.53","0.50","-1.13","1.29","1.31","5.615700"
"3","000001",2023-09-06,"11.4300","63484051","721905681.98","0.0035","4.54","0.50","-1.13","1.29","1.31","5.615700"
"3","000001",2023-09-07,"11.3300","54004157","613812175.91","-0.0087","4.50","0.50","-1.13","1.29","1.31","5.615700"
"3","000001",2023-09-08,"11.2700","47902967","539624962.82","-0.0053","4.48","0.50","-1.13","1.29","1.31","5.615700"
"3","000001",2023-09-11,"11.3400","65448558","741764911.22","0.0062","4.51","0.50","-1.13","1.29","1.31","5.615700"
"3","000001",2023-09-12,"11.2800","49548506","559058535.52","-0.0053","4.48","0.50","-1.13","1.29","1.31","5.615700"
"3","000001",2023-09-13,"11.2500","49021797","551747627.68","-0.0027","4.47","0.50","-1.13","1.29","1.31","5.615700"
"3","000001",2023-09-14,"11.2900","55165017","622906052.62","0.0036","4.49","0.50","-1.13","1.29","1.31","5.615700"
"3","000001",2023-09-15,"11.2200","89047613","1005529160.77","-0.0062","4.46","0.50","-1.13","1.29","1.31","5.615700"
"3","000001",2023-09-18,"11.2300","50132501","561449769.63","0.0009","4.46","0.50","-1.13","1.29","1.31","5.615700"
"3","000001",2023-09-19,"11.2100","50366432","564044044.21","-0.0018","4.46","0.50","-1.13","1.29","1.31","5.615700"
"3","000001",2023-09-20,"11.1500","55887241","624785494.94","-0.0054","4.43","0.50","-1.13","1.29","1.31","5.615700"
"3","000001",2023-09-21,"11.0500","84393011","934673193.87","-0.0090","4.39","0.50","-1.13","1.29","1.31","5.615700"
"3","000001",2023-09-22,"11.2400","91148430","1017137921.82","0.0172","4.47","0.50","-1.13","1.29","1.31","5.615700"
"3","000001",2023-09-25,"11.2200","76121125","856022502.11","-0.0018","4.46","0.50","-1.13","1.29","1.31","5.615700"
"3","000001",2023-09-26,"11.1600","44498035","497885810.84","-0.0053","4.44","0.50","-1.13","1.29","1.31","5.615700"
"3","000001",2023-09-27,"11.1700","49031061","547905820.77","0.0009","4.44","0.50","-1.13","1.29","1.31","5.615700"
"3","000001",2023-09-28,"11.2000","52069678","583649730.04","0.0027","4.45","0.50","-1.13","1.29","1.31","5.615700"
"3","000001",2023-09-30,,,,,"4.45","0.49","1.62","1.21","1.31","5.615700"
"3","000001",2023-10-09,"11.1100","69582809","772959353.15","-0.0080","4.77","0.49","1.62","1.21","1.31","5.615700"
"3","000001",2023-10-10,"11.0200","82074851","910160341.90","-0.0081","4.73","0.49","1.62","1.21","1.31","5.615700"
"3","000001",2023-10-11,"10.9800","72411569","797663827.00","-0.0036","4.71","0.49","1.62","1.21","1.31","5.615700"
"3","000001",2023-10-12,"11.1100","85305750","947562324.75","0.0118","4.77","0.49","1.62","1.21","1.31","5.615700"
"3","000001",2023-10-13,"11.0000","68448308","753110725.51","-0.0099","4.72","0.49","1.62","1.21","1.31","5.615700"
"3","000001",2023-10-16,"11.0100","50162432","550988719.63","0.0009","4.73","0.49","1.62","1.21","1.31","5.615700"
"3","000001",2023-10-17,"11.0200","49352505","543170900.73","0.0009","4.73","0.49","1.62","1.21","1.31","5.615700"
"3","000001",2023-10-18,"10.9500","65182492","713979896.11","-0.0064","4.70","0.49","1.62","1.21","1.31","5.615700"
"3","000001",2023-10-19,"10.6000","118896083","1271914676.53","-0.0320","4.55","0.49","1.62","1.21","1.31","5.615700"
"3","000001",2023-10-20,"10.6000","52613912","557618632.37","0.0000","4.55","0.49","1.62","1.21","1.31","5.615700"
"3","000001",2023-10-23,"10.5000","53040448","557032228.65","-0.0094","4.51","0.49","1.62","1.21","1.31","5.615700"
"3","000001",2023-10-24,"10.5500","76065269","801528403.67","0.0048","4.53","0.49","1.62","1.21","1.31","5.615700"
"3","000001",2023-10-25,"10.3800","141144968","1470971923.59","-0.0161","4.46","0.49","1.62","1.21","2.04","8.507900"
"3","000001",2023-10-26,"10.4100","59999147","621915276.90","0.0029","4.47","0.49","1.62","1.21","2.04","8.507900"
"3","000001",2023-10-27,"10.4500","91977136","957587534.43","0.0038","4.49","0.49","1.62","1.21","2.04","8.507900"
"3","000001",2023-10-30,"10.4500","80568955","837646002.04","0.0000","4.49","0.49","1.62","1.21","2.04","8.507900"
"3","000001",2023-10-31,"10.4600","65285523","682212137.64","0.0010","4.49","0.49","1.62","1.21","2.04","8.507900"
"3","000001",2023-11-01,"10.4800","56730035","595211885.00","0.0019","4.50","0.49","1.62","1.21","2.04","8.507900"
"3","000001",2023-11-02,"10.4800","61942995","652316669.93","0.0000","4.50","0.49","1.62","1.21","2.04","8.507900"
"3","000001",2023-11-03,"10.4800","70546347","738879704.30","0.0000","4.50","0.49","1.62","1.21","2.04","8.507900"
"3","000001",2023-11-06,"10.6900","100706221","1069206837.68","0.0200","4.59","0.49","1.62","1.21","2.04","8.507900"
"3","000001",2023-11-07,"10.6000","64086612","679815569.19","-0.0084","4.55","0.49","1.62","1.21","2.04","8.507900"
"3","000001",2023-11-08,"10.5000","87781875","923622008.11","-0.0094","4.51","0.49","1.62","1.21","2.04","8.507900"
"3","000001",2023-11-09,"10.4900","63913648","669639052.44","-0.0010","4.50","0.49","1.62","1.21","2.04","8.507900"
"3","000001",2023-11-10,"10.3000","104504417","1080649733.98","-0.0181","4.42","0.49","1.62","1.21","2.04","8.507900"
"3","000001",2023-11-13,"10.2500","77004310","789007117.83","-0.0049","4.40","0.49","1.62","1.21","2.04","8.507900"
"3","000001",2023-11-14,"10.2700","59685888","613377697.97","0.0020","4.41","0.49","1.62","1.21","2.04","8.507900"
"3","000001",2023-11-15,"10.3700","110914015","1152154780.34","0.0097","4.45","0.49","1.62","1.21","2.04","8.507900"
"3","000001",2023-11-16,"10.2400","92262194","948395097.33","-0.0125","4.40","0.49","1.62","1.21","2.04","8.507900"
"3","000001",2023-11-17,"10.1500","90336217","917616681.28","-0.0088","4.36","0.49","1.62","1.21","2.04","8.507900"
"3","000001",2023-11-20,"10.1900","63952831","650077370.01","0.0039","4.38","0.49","1.62","1.21","2.04","8.507900"
"3","000001",2023-11-21,"10.2800","104116573","1072311504.28","0.0088","4.41","0.49","1.62","1.21","2.04","8.507900"
"3","000001",2023-11-22,"10.1600","73748951","753064757.94","-0.0117","4.36","0.49","1.62","1.21","2.04","8.507900"
"3","000001",2023-11-23,"10.1500","84665587","855904311.98","-0.0010","4.36","0.49","1.62","1.21","2.04","8.507900"
"3","000001",2023-11-24,"10.1000","68469456","691423444.34","-0.0049","4.34","0.49","1.62","1.21","2.04","8.507900"
"3","000001",2023-11-27,"10.0100","83618785","836268368.75","-0.0089","4.30","0.49","1.62","1.21","2.04","8.507900"
"3","000001",2023-11-28,"9.9500","78617469","784405804.65","-0.0060","4.27","0.49","1.62","1.21","2.04","8.507900"
"3","000001",2023-11-29,"9.7200","146759662","1438320264.11","-0.0231","4.17","0.49","1.62","1.21","2.04","8.507900"
"3","000001",2023-11-30,"9.6800","90176457","871481712.43","-0.0041","4.16","0.49","1.62","1.21","2.04","8.507900"
"3","000001",2023-12-01,"9.6600","77805699","749668363.85","-0.0021","4.15","0.49","1.62","1.21","2.04","8.507900"
"3","000001",2023-12-04,"9.6300","60543785","583664338.41","-0.0031","4.14","0.49","1.62","1.21","2.04","8.507900"
"3","000001",2023-12-05,"9.4800","78737848","750961219.91","-0.0156","4.07","0.49","1.62","1.21","2.04","8.507900"
"3","000001",2023-12-06,"9.5000","75305592","714029468.70","0.0021","4.08","0.49","1.62","1.21","2.04","8.507900"
"3","000001",2023-12-07,"9.4400","58538019","552224831.17","-0.0063","4.05","0.49","1.62","1.21","2.04","8.507900"
"3","000001",2023-12-08,"9.3000","102115150","957664580.59","-0.0148","3.99","0.49","1.62","1.21","2.04","8.507900"
"3","000001",2023-12-11,"9.3500","113366281","1044765734.90","0.0054","4.01","0.49","1.62","1.21","2.04","8.507900"
"3","000001",2023-12-12,"9.4200","85501642","805067628.46","0.0075","4.05","0.49","1.62","1.21","2.04","8.507900"
"3","000001",2023-12-13,"9.1600","106130165","981001231.48","-0.0276","3.93","0.49","1.62","1.21","2.04","8.507900"
"3","000001",2023-12-14,"9.1500","74290056","683211465.80","-0.0011","3.93","0.49","1.62","1.21","2.04","8.507900"
"3","000001",2023-12-15,"9.2100","98893942","915126127.17","0.0066","3.95","0.49","1.62","1.21","2.04","8.507900"
"3","000001",2023-12-18,"9.1300","65442562","599379044.02","-0.0087","3.92","0.49","1.62","1.21","2.04","8.507900"
"3","000001",2023-12-19,"9.1000","64407088","586716664.28","-0.0033","3.91","0.49","1.62","1.21","2.04","8.507900"
"3","000001",2023-12-20,"9.0300","71563363","650511342.87","-0.0077","3.88","0.49","1.62","1.21","2.04","8.507900"
"3","000001",2023-12-21,"9.1700","101704676","925407072.91","0.0155","3.94","0.49","1.62","1.21","2.04","8.507900"
"3","000001",2023-12-22,"9.2000","100564502","924998769.19","0.0033","3.95","0.49","1.62","1.21","2.04","8.507900"
"3","000001",2023-12-25,"9.1900","41397088","379638233.73","-0.0011","3.95","0.49","1.62","1.21","2.04","8.507900"
"3","000001",2023-12-26,"9.1000","54189633","493746622.76","-0.0098","3.91","0.49","1.62","1.21","2.04","8.507900"
"3","000001",2023-12-27,"9.1200","64153435","582036660.68","0.0022","3.92","0.49","1.62","1.21","2.04","8.507900"
"3","000001",2023-12-28,"9.4500","166159184","1550256590.59","0.0362","4.06","0.49","1.62","1.21","2.04","8.507900"
"3","000001",2023-12-29,"9.3900","85385279","803196743.82","-0.0063","4.03","0.49","1.62","1.21","2.04","8.507900"
"3","000001",2023-12-31,,,,,"4.03","0.40","1.35","1.01","2.04","8.507900"
"3","000001",2024-01-02,"9.2100","115836645","1075742252.45","-0.0192","3.85","0.40","1.35","1.01","2.04","8.507900"
"3","000001",2024-01-03,"9.2000","73361031","673673613.54","-0.0011","3.84","0.40","1.35","1.01","2.04","8.507900"
"3","000001",2024-01-04,"9.1100","86419399","787470082.37","-0.0098","3.81","0.40","1.35","1.01","2.04","8.507900"
"3","000001",2024-01-05,"9.2700","199162216","1852659692.14","0.0176","3.87","0.40","1.35","1.01","2.04","8.507900"
"3","000001",2024-01-08,"9.1500","112115619","1029006548.73","-0.0129","3.82","0.40","1.35","1.01","2.04","8.507900"
"3","000001",2024-01-09,"9.1800","76619388","700375720.20","0.0033","3.83","0.40","1.35","1.01","2.04","8.507900"
"3","000001",2024-01-10,"9.0900","85862091","783771150.01","-0.0098","3.80","0.40","1.35","1.01","2.04","8.507900"
"3","000001",2024-01-11,"9.1700","93468637","853890237.29","0.0088","3.83","0.40","1.35","1.01","2.04","8.507900"
"3","000001",2024-01-12,"9.1900","77258215","711018266.07","0.0022","3.84","0.40","1.35","1.01","2.04","8.507900"
"3","000001",2024-01-15,"9.2100","74513266","685950951.45","0.0022","3.85","0.40","1.35","1.01","2.04","8.507900"
"3","000001",2024-01-16,"9.3400","143831258","1334465408.53","0.0141","3.90","0.40","1.35","1.01","2.04","8.507900"
"3","000001",2024-01-17,"9.2300","148229621","1380725065.03","-0.0118","3.86","0.40","1.35","1.01","2.04","8.507900"
"3","000001",2024-01-18,"9.2000","175513247","1597853726.63","-0.0033","3.84","0.40","1.35","1.01","2.04","8.507900"
"3","000001",2024-01-19,"9.1700","96398142","881865023.89","-0.0033","3.83","0.40","1.35","1.01","2.04","8.507900"
"3","000001",2024-01-22,"9.1000","158031966","1449858241.68","-0.0076","3.80","0.40","1.35","1.01","2.04","8.507900"
"3","000001",2024-01-23,"9.1600","113554458","1030898421.04","0.0066","3.83","0.40","1.35","1.01","2.04","8.507900"
"3","000001",2024-01-24,"9.3300","175912316","1620099272.06","0.0186","3.90","0.40","1.35","1.01","2.04","8.507900"
"3","000001",2024-01-25,"9.5000","216251395","2037648413.07","0.0182","3.97","0.40","1.35","1.01","2.04","8.507900"
"3","000001",2024-01-26,"9.6200","227228706","2172799799.01","0.0126","4.02","0.40","1.35","1.01","2.04","8.507900"
"3","000001",2024-01-29,"9.7000","237625184","2312173346.33","0.0083","4.05","0.40","1.35","1.01","2.04","8.507900"
"3","000001",2024-01-30,"9.5000","157912214","1515156603.96","-0.0206","3.97","0.40","1.35","1.01","2.04","8.507900"
"3","000001",2024-01-31,"9.4600","135721747","1286857396.81","-0.0042","3.95","0.40","1.35","1.01","2.04","8.507900"
"3","000001",2024-02-01,"9.4100","105525987","993481907.01","-0.0053","3.93","0.40","1.35","1.01","2.04","8.507900"
"3","000001",2024-02-02,"9.2700","163421431","1520605694.69","-0.0149","3.87","0.40","1.35","1.01","2.04","8.507900"
"3","000001",2024-02-05,"9.3800","180359190","1674566499.46","0.0119","3.92","0.40","1.35","1.01","2.04","8.507900"
"3","000001",2024-02-06,"9.6800","199540954","1900324218.20","0.0320","4.04","0.40","1.35","1.01","2.04","8.507900"
"3","000001",2024-02-07,"9.6100","206201497","1975435102.12","-0.0072","4.01","0.40","1.35","1.01","2.04","8.507900"
"3","000001",2024-02-08,"9.6700","165681384","1593505690.13","0.0062","4.04","0.40","1.35","1.01","2.04","8.507900"
"3","000001",2024-02-19,"9.8100","160524265","1564088444.93","0.0145","4.10","0.40","1.35","1.01","2.04","8.507900"
"3","000001",2024-02-20,"9.8200","112356398","1098987813.26","0.0010","4.10","0.40","1.35","1.01","2.04","8.507900"
"3","000001",2024-02-21,"10.8000","505528460","5295259396.81","0.0998","4.51","0.40","1.35","1.01","2.04","8.507900"
"3","000001",2024-02-22,"10.9000","492232512","5307736374.06","0.0093","4.55","0.40","1.35","1.01","2.04","8.507900"
"3","000001",2024-02-23,"10.8500","356747950","3917316281.52","-0.0046","4.53","0.40","1.35","1.01","2.04","8.507900"
"3","000001",2024-02-26,"10.5300","286260888","3048205024.78","-0.0295","4.40","0.40","1.35","1.01","2.04","8.507900"
"3","000001",2024-02-27,"10.5000","198190492","2083027074.06","-0.0028","4.39","0.40","1.35","1.01","2.04","8.507900"
"3","000001",2024-02-28,"10.4900","308269265","3253340358.41","-0.0010","4.38","0.40","1.35","1.01","2.04","8.507900"
"3","000001",2024-02-29,"10.5900","184534423","1936020982.56","0.0095","4.42","0.40","1.35","1.01","2.04","8.507900"
"3","000001",2024-03-01,"10.4900","182810290","1917689306.77","-0.0094","4.38","0.40","1.35","1.01","2.04","8.507900"
"3","000001",2024-03-04,"10.3300","165592954","1719562862.03","-0.0153","4.32","0.40","1.35","1.01","2.04","8.507900"
"3","000001",2024-03-05,"10.4300","181731907","1889144330.16","0.0097","4.36","0.40","1.35","1.01","2.04","8.507900"
"3","000001",2024-03-06,"10.3300","134564016","1396940060.42","-0.0096","4.32","0.40","1.35","1.01","2.04","8.507900"
"3","000001",2024-03-07,"10.3800","201616589","2109589237.19","0.0048","4.34","0.40","1.35","1.01","2.04","8.507900"
"3","000001",2024-03-08,"10.3800","111397428","1154491251.23","0.0000","4.34","0.40","1.35","1.01","2.04","8.507900"
"3","000001",2024-03-11,"10.4700","121067298","1260212019.66","0.0087","4.37","0.40","1.35","1.01","2.04","8.507900"
"3","000001",2024-03-12,"10.5600","164126237","1721999708.11","0.0086","4.41","0.40","1.35","1.01","2.04","8.507900"
"3","000001",2024-03-13,"10.3300","176803911","1834654994.40","-0.0218","4.32","0.40","1.35","1.01","2.04","8.507900"
"3","000001",2024-03-14,"10.2300","140939973","1448499697.91","-0.0097","4.27","0.40","1.35","1.01","2.04","8.507900"
"3","000001",2024-03-15,"10.6000","375020789","3973799130.90","0.0362","4.43","0.40","1.35","1.01","2.39","9.835300"
"3","000001",2024-03-18,"10.5400","167139651","1761249149.98","-0.0057","4.40","0.40","1.35","1.01","2.39","9.835300"
"3","000001",2024-03-19,"10.4000","129321558","1351069630.23","-0.0133","4.34","0.40","1.35","1.01","2.39","9.835300"
"3","000001",2024-03-20,"10.4500","87266316","910278572.98","0.0048","4.37","0.40","1.35","1.01","2.39","9.835300"
"3","000001",2024-03-21,"10.4700","86446625","905422293.67","0.0019","4.37","0.40","1.35","1.01","2.39","9.835300"
"3","000001",2024-03-22,"10.3600","102814174","1065535606.11","-0.0105","4.33","0.40","1.35","1.01","2.39","9.835300"
"3","000001",2024-03-25,"10.4000","95320221","993304120.45","0.0039","4.34","0.40","1.35","1.01","2.39","9.835300"
"3","000001",2024-03-26,"10.6000","174002146","1835376190.72","0.0192","4.43","0.40","1.35","1.01","2.39","9.835300"
"3","000001",2024-03-27,"10.5300","127413599","1347397150.36","-0.0066","4.40","0.40","1.35","1.01","2.39","9.835300"
"3","000001",2024-03-28,"10.4900","130218892","1362980388.48","-0.0038","4.38","0.40","1.35","1.01","2.39","9.835300"
"3","000001",2024-03-29,"10.5200","87275898","917332315.96","0.0029","4.39","0.40","1.35","1.01","2.39","9.835300"
"3","000001",2024-03-31,,,,,"4.39","0.44","1.52","1.13","2.39","9.835300"
"3","000001",2024-04-01,"10.6400","119108796","1261770380.39","0.0114","4.41","0.44","1.52","1.13","2.39","9.835300"
"3","000001",2024-04-02,"10.5500","108545826","1149700799.95","-0.0085","4.38","0.44","1.52","1.13","2.39","9.835300"
"3","000001",2024-04-03,"10.4600","98184585","1028648883.43","-0.0085","4.34","0.44","1.52","1.13","2.39","9.835300"
"3","000001",2024-04-08,"10.4300","90636052","945290441.32","-0.0029","4.33","0.44","1.52","1.13","2.39","9.835300"
"3","000001",2024-04-09,"10.4000","85715673","891468991.01","-0.0029","4.31","0.44","1.52","1.13","2.39","9.835300"
"3","000001",2024-04-10,"10.2800","124639082","1288696196.29","-0.0115","4.26","0.44","1.52","1.13","2.39","9.835300"
"3","000001",2024-04-11,"10.2500","101021340","1030820137.39","-0.0029","4.25","0.44","1.52","1.13","2.39","9.835300"
"3","000001",2024-04-12,"10.0600","130545371","1322011753.93","-0.0185","4.17","0.44","1.52","1.13","2.39","9.835300"
"3","000001",2024-04-15,"10.2900","145320260","1486326196.01","0.0229","4.27","0.44","1.52","1.13","2.39","9.835300"
"3","000001",2024-04-16,"10.2800","147803643","1523138499.07","-0.0010","4.26","0.44","1.52","1.13","2.39","9.835300"
"3","000001",2024-04-17,"10.6200","223264057","2337576586.88","0.0331","4.40","0.44","1.52","1.13","2.39","9.835300"
"3","000001",2024-04-18,"10.8000","316591426","3427338981.81","0.0169","4.48","0.44","1.52","1.13","2.39","9.835300"
"3","000001",2024-04-19,"10.6900","145767502","1562376146.58","-0.0102","4.43","0.44","1.52","1.13","2.39","9.835300"
"3","000001",2024-04-20,,,,,"4.43","0.44","1.52","1.13","0.77","3.075100"
"3","000001",2024-04-22,"10.5000","200981837","2125722741.41","-0.0178","4.36","0.44","1.52","1.13","0.77","3.075100"
"3","000001",2024-04-23,"10.5400","124002700","1308866093.13","0.0038","4.37","0.44","1.52","1.13","0.77","3.075100"
"3","000001",2024-04-24,"10.5300","94156774","989093538.21","-0.0009","4.37","0.44","1.52","1.13","0.77","3.075100"
"3","000001",2024-04-25,"10.6100","111381224","1176304524.86","0.0076","4.40","0.44","1.52","1.13","0.77","3.075100"
"3","000001",2024-04-26,"10.6000","160762751","1698581436.96","-0.0009","4.40","0.44","1.52","1.13","0.77","3.075100"
"3","000001",2024-04-29,"10.8100","216917737","2337350883.73","0.0198","4.48","0.44","1.52","1.13","0.77","3.075100"
"3","000001",2024-04-30,"10.7900","132455653","1431407709.37","-0.0019","4.48","0.44","1.52","1.13","0.77","3.075100"